Accounts,BS_Level,Botness,Entity,EntityID,Last_Seen,MediaLink,Trendiness,Tweets,Type
10,0.681,2.5,https://twitter.com/mclima9/status/1227382188460646401/photo/1,425,"Wed, 12 Feb 2020 03:53:47 GMT",http://pbs.twimg.com/media/EQiJl2oXUAI4g-C.jpg,1900,19,media
5,0.617,1.8,#furo,502,"Wed, 12 Feb 2020 03:51:15 GMT",,2000,20,hashtags
7,0.616,1.6,@melgesvoltou,504,"Wed, 12 Feb 2020 03:51:15 GMT",,3200,32,user_mentions
7,0.605,2.0,https://twitter.com/portimeu_br/status/1227391392235868161/photo/1,3544,"Wed, 12 Feb 2020 03:48:31 GMT",http://pbs.twimg.com/media/EQiR9m6WAAAheCu.jpg,1300,13,media
27,0.598,1.6,@mclima9,423,"Wed, 12 Feb 2020 03:55:46 GMT",,1150,49,user_mentions
4,0.590,1.7,#juntoscomweintraub,500,"Wed, 12 Feb 2020 03:51:15 GMT",,1900,19,hashtags
5,0.584,1.7,#globolixo,501,"Wed, 12 Feb 2020 03:51:15 GMT",,2000,20,hashtags
34,0.583,1.6,@portimeu_br,1250,"Wed, 12 Feb 2020 03:53:31 GMT",,850,56,user_mentions
18,0.580,1.5,#folhalixo,503,"Wed, 12 Feb 2020 03:53:59 GMT",,4400,44,hashtags
5,0.562,2.2,@daykercardoso,7226,"Wed, 12 Feb 2020 03:55:46 GMT",http://pbs.twimg.com/media/EQi-SxuWsAAVzm-.jpg,900,9,user_mentions
3,0.474,1.5,#fodadesp,3679,"Wed, 12 Feb 2020 03:47:42 GMT",,1200,12,hashtags
3,0.467,1.4,@katiabrigitte,2526,"Wed, 12 Feb 2020 03:47:42 GMT",,1400,14,user_mentions
7,0.466,1.4,@mjmacul_lima,1677,"Wed, 12 Feb 2020 03:56:02 GMT",,1500,15,user_mentions
4,0.421,1.7,@karlinha_raiz38,1560,"Wed, 12 Feb 2020 03:52:29 GMT",http://pbs.twimg.com/media/EQi-dQyWAAE-iDI.jpg,700,7,user_mentions
34,0.418,1.1,@flamantov,131,"Wed, 12 Feb 2020 03:55:15 GMT",,4700,47,user_mentions
3,0.414,2.2,@rosanavasi,8615,"Wed, 12 Feb 2020 03:50:34 GMT",,500,5,user_mentions
5,0.401,1.5,@mafinha_veron,557,"Wed, 12 Feb 2020 03:48:47 GMT",,800,8,user_mentions
5,0.399,1.8,@brasiladoro,6546,"Wed, 12 Feb 2020 03:55:34 GMT",,600,6,user_mentions
5,0.387,1.5,#hansriverheroinacional,1676,"Wed, 12 Feb 2020 03:56:02 GMT",,800,8,hashtags
4,0.366,1.9,@leesoares_br,3319,"Wed, 12 Feb 2020 03:55:39 GMT",,500,5,user_mentions
26,0.325,1.0,@marvio,1,"Wed, 12 Feb 2020 03:56:07 GMT",,3800,38,user_mentions
3,0.320,1.7,@luiz_antonio_bf,2077,"Wed, 12 Feb 2020 03:44:26 GMT",,500,5,user_mentions
12,0.309,1.0,https://twitter.com/josemcandido/status/1227421842081751041/photo/1,776,"Wed, 12 Feb 2020 03:54:53 GMT",http://pbs.twimg.com/media/EQitqOYW4AEGGKP.jpg,2300,23,media
12,0.309,1.0,@josemcandido,774,"Wed, 12 Feb 2020 03:54:53 GMT",http://pbs.twimg.com/media/EQitqOYW4AEGGKP.jpg,2300,23,user_mentions
8,0.308,1.2,@alefrota77,561,"Wed, 12 Feb 2020 03:54:20 GMT",,900,9,user_mentions
8,0.299,1.1,@aisha_com_vida,4373,"Wed, 12 Feb 2020 03:55:47 GMT",,1700,17,user_mentions
7,0.296,1.4,@josefer70649021,967,"Wed, 12 Feb 2020 03:48:47 GMT",,400,9,user_mentions
9,0.294,1.2,@prudmin,1649,"Wed, 12 Feb 2020 03:56:15 GMT",,1000,10,user_mentions
2,0.294,2.8,https://twitter.com/leesoares_br/status/1227408564408528896/photo/1,3321,"Wed, 12 Feb 2020 03:33:09 GMT",http://pbs.twimg.com/media/EQihkKnWAAMczwn.jpg,300,3,media
3,0.293,1.5,https://twitter.com/hbrumjunior/status/1227420436646039552,7780,"Wed, 12 Feb 2020 03:46:21 GMT",,500,5,urls
3,0.292,1.5,@rflglau,1425,"Wed, 12 Feb 2020 03:51:40 GMT",,500,5,user_mentions
3,0.288,1.5,@brsemcomunas,16347,"Wed, 12 Feb 2020 03:55:59 GMT",,500,5,user_mentions
2,0.287,2.5,@silvioluiz,9947,"Wed, 12 Feb 2020 03:50:36 GMT",,300,3,user_mentions
48,0.280,0.9,@anonimopateta,202,"Wed, 12 Feb 2020 03:56:11 GMT",,10000,100,user_mentions
12,0.279,1.2,@rfalcao13,2246,"Wed, 12 Feb 2020 03:53:33 GMT",,400,14,user_mentions
11,0.276,1.1,@aruthcao,4225,"Wed, 12 Feb 2020 03:55:46 GMT",,450,21,user_mentions
41,0.276,1.0,@hansriverdorio,30,"Wed, 12 Feb 2020 03:55:37 GMT",,977,96,user_mentions
2,0.271,2.3,@heversonsantos5,245,"Wed, 12 Feb 2020 03:36:49 GMT",,300,3,user_mentions
4,0.267,1.2,@ladywusimoes,2870,"Wed, 12 Feb 2020 03:52:27 GMT",http://pbs.twimg.com/media/EQitw-6X0AcQDip.jpg,700,7,user_mentions
2,0.260,2.2,@dpolchera,10105,"Wed, 12 Feb 2020 03:48:05 GMT",http://pbs.twimg.com/media/EQi3QXBWAAE3sn1.jpg,300,3,user_mentions
6,0.251,1.0,@haddad_fernando,3006,"Wed, 12 Feb 2020 03:54:15 GMT",,1300,13,user_mentions
4,0.247,1.4,@robsondobrasil,2787,"Wed, 12 Feb 2020 03:46:07 GMT",,500,5,user_mentions
16,0.245,1.0,#luademelcomhans,401,"Wed, 12 Feb 2020 03:55:33 GMT",,1100,23,hashtags
58,0.241,0.9,@ptbrasil,114,"Wed, 12 Feb 2020 03:55:37 GMT",,6400,64,user_mentions
7,0.239,1.0,https://twitter.com/aruthcao/status/1227388954342764544/video/1,4228,"Wed, 12 Feb 2020 03:51:11 GMT",http://pbs.twimg.com/ext_tw_video_thumb/1227388882595074049/pu/img/lEF2BtckS5SeyvUu.jpg,1300,13,media
39,0.234,1.0,@samiabomfim,123,"Wed, 12 Feb 2020 03:55:01 GMT",,475,45,user_mentions
4,0.230,1.4,@thaisvianello,9917,"Wed, 12 Feb 2020 03:53:35 GMT",,500,5,user_mentions
113,0.229,0.9,@andreiasadi,69,"Wed, 12 Feb 2020 03:56:11 GMT",,622,158,user_mentions
1,0.223,1.8,https://www1.folha.uol.com.br/poder/2020/02/ex-companheira-de-testemunha-que-mentiu-na-cpi-o-acusou-de-ameaca-de-morte.shtml,7617,"Wed, 12 Feb 2020 03:48:48 GMT",,300,3,urls
100,0.220,0.9,@jairbolsonaro,260,"Wed, 12 Feb 2020 03:56:12 GMT",,1018,122,user_mentions
3,0.209,1.3,https://twitter.com/ladywusimoes/status/1227409508424650757/photo/1,2872,"Wed, 12 Feb 2020 03:49:47 GMT",http://pbs.twimg.com/media/EQiib-DXUAU6r_g.jpg,500,5,media
2,0.205,1.7,@dexteradomini1,18149,"Wed, 12 Feb 2020 03:56:03 GMT",,300,3,user_mentions
3,0.202,1.2,@capitaobolsobr,122,"Wed, 12 Feb 2020 03:53:46 GMT",,600,6,user_mentions
1,0.195,1.6,@bruaxavier,4464,"Wed, 12 Feb 2020 03:46:07 GMT",,300,3,user_mentions
2,0.182,1.6,https://twitter.com/gastaosn/status/1227428084057550848/photo/1,4401,"Wed, 12 Feb 2020 03:41:58 GMT",http://pbs.twimg.com/media/EQizVF3XsAEHWCm.jpg,300,3,media
2,0.182,1.6,@gastaosn,4398,"Wed, 12 Feb 2020 03:41:58 GMT",http://pbs.twimg.com/media/EQizVF3XsAEHWCm.jpg,300,3,user_mentions
2,0.175,1.5,https://twitter.com/altemir001/status/1227382836400926720/photo/1,4422,"Wed, 12 Feb 2020 03:50:43 GMT",http://pbs.twimg.com/media/EQiKLQ5XkAAUCeL.jpg,300,3,media
15,0.174,0.9,@patocorporation,532,"Wed, 12 Feb 2020 03:52:56 GMT",,2000,20,user_mentions
6,0.173,0.9,@shiynzato,7945,"Wed, 12 Feb 2020 03:53:01 GMT",,1100,11,user_mentions
6,0.173,0.9,https://www.tercalivre.com.br/testemunha-diz-na-cpmi-das-fake-news-que-jornalista-da-folha-ofereceu-sexo-em-troca-de-informacoes/,7947,"Wed, 12 Feb 2020 03:53:01 GMT",,1100,11,urls
95,0.166,0.8,@gugachacra,199,"Wed, 12 Feb 2020 03:55:57 GMT",,13800,138,user_mentions
5,0.166,1.2,@bruto_e_inculto,342,"Wed, 12 Feb 2020 03:53:30 GMT",,500,5,user_mentions
330,0.164,0.8,@filipebarrost,4,"Wed, 12 Feb 2020 03:56:13 GMT",,7112,576,user_mentions
3,0.157,1.1,@alecarneiro8,4466,"Wed, 12 Feb 2020 03:46:07 GMT",,500,5,user_mentions
1,0.157,3.0,@baahpifer,3349,"Wed, 12 Feb 2020 03:38:35 GMT",,200,2,user_mentions
2258,0.157,0.8,@camposmello,2,"Wed, 12 Feb 2020 03:56:16 GMT",http://pbs.twimg.com/media/EQi_UUHXUAQb0wM.jpg,1851,4857,user_mentions
3,0.154,1.5,@teciomelo,7724,"Wed, 12 Feb 2020 03:39:12 GMT",,300,3,user_mentions
1,0.154,3.0,https://twitter.com/i/status/1227433288568053762,1286,"Wed, 12 Feb 2020 03:33:26 GMT",,200,2,urls
2,0.151,1.4,@digital_explora,1439,"Wed, 12 Feb 2020 03:47:09 GMT",,300,3,user_mentions
4,0.150,1.0,@nxgreen,2518,"Wed, 12 Feb 2020 03:51:58 GMT",,800,8,user_mentions
5,0.149,1.1,@ginpiero2,1176,"Wed, 12 Feb 2020 03:53:28 GMT",,600,6,user_mentions
6,0.148,0.9,@thicico,3476,"Wed, 12 Feb 2020 03:52:07 GMT",,900,9,user_mentions
2,0.148,1.4,@renato_battista,3076,"Wed, 12 Feb 2020 03:47:54 GMT",,300,3,user_mentions
3,0.140,1.4,@anderso68018716,6344,"Wed, 12 Feb 2020 03:53:30 GMT",,300,3,user_mentions
5,0.140,1.1,https://twitter.com/AnonimoPateta/status/1227404813719220224?s=20,7035,"Wed, 12 Feb 2020 03:51:39 GMT",,500,5,urls
2,0.139,1.4,@marizmarcella,1175,"Wed, 12 Feb 2020 03:49:26 GMT",,300,3,user_mentions
2,0.133,1.4,@jorgego08987896,13603,"Wed, 12 Feb 2020 03:49:34 GMT",,300,3,user_mentions
3,0.132,1.1,@pedro_ottoni,5594,"Wed, 12 Feb 2020 03:52:07 GMT",,500,5,user_mentions
3,0.132,1.2,@pauloe2pro,3740,"Wed, 12 Feb 2020 03:40:08 GMT",http://pbs.twimg.com/media/EQi7fqKW4AITi7u.jpg,400,4,user_mentions
87,0.132,0.7,@wendersonhott,57,"Wed, 12 Feb 2020 03:55:41 GMT",,17000,170,user_mentions
4,0.132,0.9,@leo_netto04,4778,"Wed, 12 Feb 2020 03:45:49 GMT",,700,7,user_mentions
3,0.129,1.4,@yurigue81639339,10368,"Wed, 12 Feb 2020 03:54:36 GMT",,300,3,user_mentions
4,0.129,0.9,#somostodoshansriver,10077,"Wed, 12 Feb 2020 03:51:37 GMT",,900,9,hashtags
207,0.128,0.7,@monicawaldvogel,20,"Wed, 12 Feb 2020 03:56:16 GMT",,33900,339,user_mentions
2,0.126,2.5,@edmarbonoro,10197,"Wed, 12 Feb 2020 03:50:56 GMT",,200,2,user_mentions
1,0.125,2.2,@petracostal,8613,"Wed, 12 Feb 2020 03:45:15 GMT",http://pbs.twimg.com/media/EQi8zGQX0AIXXR4.jpg,200,2,user_mentions
2,0.125,2.4,https://twitter.com/enassilva3/status/1227436356604964866/photo/1,6164,"Wed, 12 Feb 2020 03:47:54 GMT",http://pbs.twimg.com/media/EQi63EbXUAEMyqU.jpg,200,2,media
2,0.125,2.4,@enassilva3,7416,"Wed, 12 Feb 2020 03:47:54 GMT",http://pbs.twimg.com/media/EQi63EbXUAEMyqU.jpg,200,2,user_mentions
2,0.123,2.4,#hansriver,565,"Wed, 12 Feb 2020 03:40:59 GMT",,200,2,hashtags
1,0.121,2.1,@rosananeves1,7961,"Wed, 12 Feb 2020 03:52:07 GMT",,200,2,user_mentions
3,0.119,1.0,https://twitter.com/mara56980224/status/1227413933767757827/photo/1,2382,"Wed, 12 Feb 2020 03:40:20 GMT",http://pbs.twimg.com/tweet_video_thumb/EQimdSLXkAEUOXs.jpg,500,5,media
3,0.119,1.0,@mara56980224,2380,"Wed, 12 Feb 2020 03:40:20 GMT",http://pbs.twimg.com/tweet_video_thumb/EQimdSLXkAEUOXs.jpg,500,5,user_mentions
2,0.117,2.2,@mtcosmo1,16125,"Wed, 12 Feb 2020 03:55:46 GMT",http://pbs.twimg.com/media/EQi-SxuWsAAVzm-.jpg,200,2,user_mentions
2,0.117,2.2,https://twitter.com/daykercardoso/status/1227440133353418752/photo/1,16127,"Wed, 12 Feb 2020 03:55:46 GMT",http://pbs.twimg.com/media/EQi-SxuWsAAVzm-.jpg,200,2,media
16,0.115,0.8,@joelpinheiro85,460,"Wed, 12 Feb 2020 03:55:37 GMT",,800,17,user_mentions
6,0.114,0.9,@camilabomfim,3585,"Wed, 12 Feb 2020 03:50:14 GMT",,700,7,user_mentions
3,0.113,1.1,@betosilvabr,466,"Wed, 12 Feb 2020 03:34:39 GMT",,400,4,user_mentions
4,0.111,1.0,@mblivre,3059,"Wed, 12 Feb 2020 03:51:50 GMT",,500,5,user_mentions
352,0.109,0.7,@folha,27,"Wed, 12 Feb 2020 03:56:16 GMT",,1655,596,user_mentions
3,0.108,1.2,@andrizek,4986,"Wed, 12 Feb 2020 03:42:39 GMT",,300,3,user_mentions
232,0.107,0.7,@veramagalhaes,25,"Wed, 12 Feb 2020 03:56:16 GMT",,622,353,user_mentions
1,0.106,1.9,@zdoficial,17236,"Wed, 12 Feb 2020 03:54:39 GMT",http://pbs.twimg.com/media/EQi-82eW4AQfbnJ.jpg,200,2,user_mentions
2,0.106,2.0,@jpedrosmartins,11440,"Wed, 12 Feb 2020 03:53:30 GMT",,200,2,user_mentions
8,0.105,0.8,@miriamleitaocom,3556,"Wed, 12 Feb 2020 03:51:04 GMT",,900,9,user_mentions
8,0.105,0.8,@constancarezend,3555,"Wed, 12 Feb 2020 03:51:04 GMT",,900,9,user_mentions
2,0.101,1.2,@passarinhovoou,10959,"Wed, 12 Feb 2020 03:53:20 GMT",,300,3,user_mentions
5,0.101,0.8,@anninha_brasil,2122,"Wed, 12 Feb 2020 03:52:24 GMT",,900,9,user_mentions
2,0.098,1.2,@jooluizrodrigu6,4817,"Wed, 12 Feb 2020 03:54:35 GMT",,300,3,user_mentions
24,0.096,0.7,@domdasthreads,1042,"Wed, 12 Feb 2020 03:55:39 GMT",,2800,28,user_mentions
34,0.092,0.7,@visaomacro,1086,"Wed, 12 Feb 2020 03:55:09 GMT",,5800,58,user_mentions
7,0.092,1.5,@wjuniormetal,3814,"Wed, 12 Feb 2020 03:48:04 GMT",,-11,7,user_mentions
32,0.092,0.7,@leoni_a_jato,126,"Wed, 12 Feb 2020 03:55:57 GMT",,1025,44,user_mentions
7,0.091,1.4,@tatikmd,3110,"Wed, 12 Feb 2020 03:54:59 GMT",,60,7,user_mentions
5,0.090,0.8,@dilmaresiste,1472,"Wed, 12 Feb 2020 03:50:42 GMT",,800,8,user_mentions
2,0.088,1.1,@edcar1811,2593,"Wed, 12 Feb 2020 03:34:39 GMT",,300,3,user_mentions
2,0.088,1.7,@adrianopassosbh,3050,"Wed, 12 Feb 2020 03:49:39 GMT",,200,2,user_mentions
3,0.087,0.9,@douglas12626875,6374,"Wed, 12 Feb 2020 03:50:23 GMT",,500,5,user_mentions
2,0.086,1.1,@sikerajr,4306,"Wed, 12 Feb 2020 03:37:46 GMT",,300,3,user_mentions
2,0.086,1.1,@bel_br17,4305,"Wed, 12 Feb 2020 03:37:46 GMT",,300,3,user_mentions
2,0.086,1.1,@df2marf,10732,"Wed, 12 Feb 2020 03:56:01 GMT",,300,3,user_mentions
4,0.085,0.9,@proaliancabr,3127,"Wed, 12 Feb 2020 03:43:51 GMT",,600,6,user_mentions
24,0.083,0.7,@lauraabcarvalho,888,"Wed, 12 Feb 2020 03:55:21 GMT",,3600,36,user_mentions
2,0.083,1.1,@felipesalto,5008,"Wed, 12 Feb 2020 03:51:21 GMT",,300,3,user_mentions
2,0.083,1.1,https://twitter.com/claudinarosa/status/1227425389137551360/photo/1,4694,"Wed, 12 Feb 2020 03:37:08 GMT",http://pbs.twimg.com/media/EQiw4LMW4AA8ava.jpg,300,3,media
2,0.083,1.1,@claudinarosa,4692,"Wed, 12 Feb 2020 03:37:08 GMT",http://pbs.twimg.com/media/EQiw4LMW4AA8ava.jpg,300,3,user_mentions
2,0.080,2.0,@jfmargarida,8649,"Wed, 12 Feb 2020 03:47:55 GMT",,-19,3,user_mentions
5,0.080,0.8,@altemir001,4420,"Wed, 12 Feb 2020 03:50:43 GMT",http://pbs.twimg.com/media/EQiKLQ5XkAAUCeL.jpg,700,7,user_mentions
1,0.078,4.0,https://twitter.com/mclima9/status/1227395718152904704/video/1,4339,"Wed, 12 Feb 2020 00:55:17 GMT",http://pbs.twimg.com/ext_tw_video_thumb/1227395669268336640/pu/img/w0UF975csrddFKNJ.jpg,100,1,media
9,0.078,1.0,@carlos_renatosa,168,"Wed, 12 Feb 2020 03:52:24 GMT",http://pbs.twimg.com/ext_tw_video_thumb/1227345227054288897/pu/img/HolGEx8dIyONdd0Q.jpg,100,9,user_mentions
1,0.078,3.9,@mariaclarabolso,7147,"Wed, 12 Feb 2020 02:12:30 GMT",,100,1,user_mentions
13,0.078,0.7,@oragnar2,1407,"Wed, 12 Feb 2020 03:51:36 GMT",http://pbs.twimg.com/media/EQiYVUnXkAYhCPX.jpg,1700,17,user_mentions
1,0.077,3.9,@atilabrasen,16315,"Wed, 12 Feb 2020 03:53:30 GMT",,100,1,user_mentions
1,0.077,3.2,@keliveronezi,9441,"Wed, 12 Feb 2020 02:10:05 GMT",,100,1,user_mentions
9,0.076,0.8,@jnascim,352,"Wed, 12 Feb 2020 03:55:33 GMT",,650,14,user_mentions
1,0.076,3.1,@luislcr1,6679,"Wed, 12 Feb 2020 03:42:49 GMT",,100,1,user_mentions
1,0.075,3.0,@zupykov,6200,"Wed, 12 Feb 2020 03:38:35 GMT",,100,1,user_mentions
1,0.075,3.0,@oporaodamamae,10023,"Wed, 12 Feb 2020 00:09:39 GMT",,100,1,user_mentions
13,0.075,1.1,@juliaduailibi,780,"Wed, 12 Feb 2020 03:55:27 GMT",,75,13,user_mentions
1,0.074,3.0,https://jornalggn.com.br/noticia/xadrez-para-entender-as-ligacoes-dos-bolsonaro-com-a-bahia-por-luis-nassif/,17103,"Wed, 12 Feb 2020 03:54:50 GMT",,100,1,urls
2,0.073,1.1,@erickbarros19,2895,"Wed, 12 Feb 2020 03:51:01 GMT",http://pbs.twimg.com/media/EQi98BoWkAEnHdj.jpg,300,3,user_mentions
19,0.073,0.7,@eduardomilitao,175,"Wed, 12 Feb 2020 03:54:58 GMT",http://pbs.twimg.com/media/EQi_BOzWsAMkwSu.jpg,3000,30,user_mentions
1,0.073,2.9,@claudiasrocca,9768,"Wed, 12 Feb 2020 00:29:53 GMT",,100,1,user_mentions
10,0.072,0.7,@tokage_uchida,534,"Wed, 12 Feb 2020 03:43:59 GMT",,1100,11,user_mentions
1,0.072,2.9,https://twitter.com/dpolchera/status/1227432392941543424/photo/1,13557,"Wed, 12 Feb 2020 03:21:01 GMT",http://pbs.twimg.com/media/EQi3QXBWAAE3sn1.jpg,100,1,media
2,0.072,1.1,@laudicelm,11040,"Wed, 12 Feb 2020 03:44:33 GMT",,300,3,user_mentions
1,0.071,2.8,@juniorssa_ba38,745,"Wed, 12 Feb 2020 03:29:46 GMT",,100,1,user_mentions
1,0.071,2.8,@leo_moura_,2981,"Wed, 12 Feb 2020 00:50:25 GMT",http://pbs.twimg.com/tweet_video_thumb/EQiUxyRWAAAnUBc.jpg,100,1,user_mentions
1,0.071,2.8,https://twitter.com/leo_moura_/status/1227394492568829952/photo/1,2983,"Wed, 12 Feb 2020 00:50:25 GMT",http://pbs.twimg.com/tweet_video_thumb/EQiUxyRWAAAnUBc.jpg,100,1,media
6,0.071,0.7,@matlui,837,"Wed, 12 Feb 2020 03:47:16 GMT",,1300,13,user_mentions
840,0.071,0.7,que,13,"Wed, 12 Feb 2020 03:56:15 GMT",,781,1710,intext
1,0.070,2.8,@andrrobertosil5,1142,"Wed, 12 Feb 2020 00:09:46 GMT",http://pbs.twimg.com/media/EQiLeWVW4AA98TT.jpg,100,1,user_mentions
1,0.070,2.8,https://twitter.com/sugoisama_/status/1227381925817540610/photo/1,11827,"Wed, 12 Feb 2020 00:00:29 GMT",http://pbs.twimg.com/tweet_video_thumb/EQiJWeTX0AIzGFm.jpg,100,1,media
1,0.070,2.8,@hugoalv44610932,4803,"Wed, 12 Feb 2020 03:29:22 GMT",,100,1,user_mentions
1,0.070,2.8,https://twitter.com/andrrobertosil5/status/1227384261289926657/photo/1,1144,"Wed, 12 Feb 2020 00:09:46 GMT",http://pbs.twimg.com/media/EQiLeWVW4AA98TT.jpg,100,1,media
1,0.070,2.8,@sugoisama_,11825,"Wed, 12 Feb 2020 00:00:29 GMT",http://pbs.twimg.com/tweet_video_thumb/EQiJWeTX0AIzGFm.jpg,100,1,user_mentions
3,0.069,1.0,@damaresalves,1436,"Wed, 12 Feb 2020 03:54:36 GMT",,400,4,user_mentions
15,0.069,0.7,@andrezamatais,467,"Wed, 12 Feb 2020 03:56:09 GMT",,2100,21,user_mentions
251,0.067,0.7,com,10937,"Wed, 12 Feb 2020 03:56:16 GMT",,754,409,intext
1,0.067,2.7,@marceloprof88,8102,"Wed, 12 Feb 2020 03:54:36 GMT",,100,1,user_mentions
1,0.066,2.5,@gleitoncabral,10644,"Wed, 12 Feb 2020 00:22:58 GMT",http://pbs.twimg.com/media/EQiOfg2X0AAUWPD.jpg,100,1,user_mentions
1,0.066,2.5,https://twitter.com/gleitoncabral/status/1227387582759276544/photo/1,10647,"Wed, 12 Feb 2020 00:22:58 GMT",http://pbs.twimg.com/media/EQiOfg2X0AAUWPD.jpg,100,1,media
1,0.065,2.5,@alexoli74633599,675,"Wed, 12 Feb 2020 01:14:21 GMT",,100,1,user_mentions
1,0.063,1.0,@matheus82186360,13472,"Wed, 12 Feb 2020 03:49:23 GMT",,300,3,user_mentions
5,0.063,0.8,@maraluquet,2337,"Wed, 12 Feb 2020 03:52:54 GMT",,600,6,user_mentions
5,0.063,0.8,@jubraga1,2338,"Wed, 12 Feb 2020 03:52:54 GMT",,600,6,user_mentions
5,0.063,0.8,@antoniotabet,2336,"Wed, 12 Feb 2020 03:52:54 GMT",,600,6,user_mentions
44,0.062,0.6,@carlazambelli38,51,"Wed, 12 Feb 2020 03:55:50 GMT",,2250,46,user_mentions
2,0.062,1.0,@hidlex,4286,"Wed, 12 Feb 2020 03:39:02 GMT",,300,3,user_mentions
2,0.062,1.0,@rubensc97124695,3290,"Wed, 12 Feb 2020 03:39:30 GMT",http://pbs.twimg.com/media/EQidx4iXsAAzuhl.jpg,300,3,user_mentions
2,0.062,1.0,https://twitter.com/rubensc97124695/status/1227404381974339585/photo/1,3292,"Wed, 12 Feb 2020 03:39:30 GMT",http://pbs.twimg.com/media/EQidx4iXsAAzuhl.jpg,300,3,media
1,0.062,2.3,@frentepatriot88,18189,"Wed, 12 Feb 2020 00:08:04 GMT",,100,1,user_mentions
1,0.062,2.3,@tatibertini,18190,"Wed, 12 Feb 2020 00:08:04 GMT",,100,1,user_mentions
8,0.061,0.7,@npto,548,"Wed, 12 Feb 2020 03:52:32 GMT",,1100,11,user_mentions
3,0.060,0.9,@eusouvult,3829,"Wed, 12 Feb 2020 03:41:51 GMT",,400,4,user_mentions
48,0.060,0.7,@danielalima_,232,"Wed, 12 Feb 2020 03:56:01 GMT",,250,62,user_mentions
1,0.060,2.3,@mariado97734767,4712,"Wed, 12 Feb 2020 03:38:32 GMT",,100,1,user_mentions
3,0.060,1.0,@onlyonecart,2022,"Wed, 12 Feb 2020 03:38:28 GMT",,300,3,user_mentions
2,0.060,1.4,@joaomassa,8037,"Wed, 12 Feb 2020 03:53:55 GMT",,200,2,user_mentions
10,0.059,0.7,@marinaadias,3558,"Wed, 12 Feb 2020 03:51:04 GMT",,1100,11,user_mentions
11,0.058,0.7,@julianadalpiva,3559,"Wed, 12 Feb 2020 03:51:04 GMT",,550,12,user_mentions
3,0.058,1.1,@crismenshova,2786,"Wed, 12 Feb 2020 03:44:19 GMT",,150,4,user_mentions
8,0.058,0.7,@ilonaszaboc,1130,"Wed, 12 Feb 2020 03:46:20 GMT",,1400,14,user_mentions
1,0.057,1.4,@ewertonmartins,11029,"Wed, 12 Feb 2020 03:49:08 GMT",,200,2,user_mentions
1,0.056,2.1,@reyfigueiredo,3777,"Wed, 12 Feb 2020 01:35:56 GMT",,100,1,user_mentions
1,0.056,2.1,@afericao,8313,"Wed, 12 Feb 2020 03:39:33 GMT",http://pbs.twimg.com/media/EQi7fqKW4AITi7u.jpg,100,1,user_mentions
1,0.056,2.1,@ajaremko,5456,"Wed, 12 Feb 2020 01:23:46 GMT",,100,1,user_mentions
7,0.056,0.8,@wendelbrasilsp,541,"Wed, 12 Feb 2020 03:54:49 GMT",,700,7,user_mentions
2,0.056,1.4,"https://politica.estadao.com.br/noticias/eleicoes,camping-digital-do-pt-treina-seus-militantes-imp-,1155922.amp",6311,"Wed, 12 Feb 2020 03:37:38 GMT",,200,2,urls
2,0.055,1.4,https://twitter.com/aisha_com_vida/status/1227437300503785472/photo/1,8540,"Wed, 12 Feb 2020 03:50:05 GMT",http://pbs.twimg.com/tweet_video_thumb/EQi7tpyWsAAKb96.jpg,200,2,media
4,0.055,0.9,@rhangelribeiro,7952,"Wed, 12 Feb 2020 03:47:53 GMT",http://pbs.twimg.com/media/EQi9ZkyWoAA9IUz.jpg,400,4,user_mentions
1,0.055,2.1,@sampafalke,17798,"Wed, 12 Feb 2020 02:02:40 GMT",,100,1,user_mentions
17,0.055,1.0,@tainalon,604,"Wed, 12 Feb 2020 03:55:08 GMT",,53,22,user_mentions
1,0.055,2.0,https://twitter.com/pharaujo85/status/1227331280813072384?s=19,9111,"Wed, 12 Feb 2020 01:38:55 GMT",,100,1,urls
1,0.055,2.0,@deborabpaim,9109,"Wed, 12 Feb 2020 01:38:55 GMT",,100,1,user_mentions
34,0.054,0.6,@angelocoronel_,29,"Wed, 12 Feb 2020 03:56:16 GMT",,7400,74,user_mentions
5,0.054,0.8,@smith_hays3,2003,"Wed, 12 Feb 2020 03:55:26 GMT",,500,5,user_mentions
9,0.054,0.7,@dimacgarcia,1201,"Wed, 12 Feb 2020 03:50:54 GMT",,366,13,user_mentions
17,0.053,0.6,@pedrodoria,1188,"Wed, 12 Feb 2020 03:55:16 GMT",,2800,28,user_mentions
34,0.052,0.6,@hbrumjunior,23,"Wed, 12 Feb 2020 03:56:16 GMT",,7900,79,user_mentions
1,0.052,2.0,@alessavid,6667,"Wed, 12 Feb 2020 03:05:50 GMT",,100,1,user_mentions
1,0.052,2.0,@indignobrasil,14501,"Wed, 12 Feb 2020 03:05:42 GMT",,100,1,user_mentions
1,0.052,2.0,@resper13,1177,"Wed, 12 Feb 2020 03:10:23 GMT",,100,1,user_mentions
2,0.051,1.3,https://twitter.com/erickbarros19/status/1227439740280090630/photo/1,14990,"Wed, 12 Feb 2020 03:51:01 GMT",http://pbs.twimg.com/media/EQi98BoWkAEnHdj.jpg,200,2,media
1,0.051,2.0,@rosemovio,5027,"Wed, 12 Feb 2020 02:07:14 GMT",,100,1,user_mentions
1,0.051,1.9,@ronefredson,4111,"Wed, 12 Feb 2020 03:32:43 GMT",,100,1,user_mentions
79,0.050,0.6,@henriolliveira,553,"Wed, 12 Feb 2020 03:55:43 GMT",,5133,156,user_mentions
7,0.049,0.6,@nsportore,951,"Wed, 12 Feb 2020 03:54:40 GMT",,2100,21,user_mentions
7,0.049,0.6,@ktiapeixoto2,950,"Wed, 12 Feb 2020 03:54:40 GMT",,2100,21,user_mentions
18,0.049,0.8,@angelaboldrini,103,"Wed, 12 Feb 2020 03:55:47 GMT",,120,21,user_mentions
2,0.049,1.3,https://twitter.com/mando31394143/status/1227437693229043712/video/1,9702,"Wed, 12 Feb 2020 03:54:44 GMT",http://pbs.twimg.com/ext_tw_video_thumb/1227437634546544642/pu/img/reJ3giByZj4kAmTK.jpg,200,2,media
2,0.049,1.3,https://twitter.com/afericao/status/1227437054944055298/photo/1,7974,"Wed, 12 Feb 2020 03:40:08 GMT",http://pbs.twimg.com/media/EQi7fqKW4AITi7u.jpg,200,2,media
1,0.048,1.8,@alemondelli,903,"Wed, 12 Feb 2020 02:06:06 GMT",http://pbs.twimg.com/media/EQimGaeWkAA80Oe.jpg,100,1,user_mentions
1,0.048,1.8,https://twitter.com/alemondelli/status/1227413539591245830/photo/1,906,"Wed, 12 Feb 2020 02:06:06 GMT",http://pbs.twimg.com/media/EQimGaeWkAA80Oe.jpg,100,1,media
1,0.048,1.8,@luiza80674737,3939,"Wed, 12 Feb 2020 03:09:01 GMT",,100,1,user_mentions
1,0.048,1.8,@annaapark,11011,"Wed, 12 Feb 2020 03:47:08 GMT",,100,1,user_mentions
5,0.048,0.8,https://twitter.com/carlos_renatosa/status/1227345250131292162/video/1,1160,"Wed, 12 Feb 2020 03:52:24 GMT",http://pbs.twimg.com/ext_tw_video_thumb/1227345227054288897/pu/img/HolGEx8dIyONdd0Q.jpg,100,9,media
3,0.048,0.9,@diulza,6016,"Wed, 12 Feb 2020 03:54:29 GMT",,400,4,user_mentions
3,0.048,0.9,@lhdiniz,6015,"Wed, 12 Feb 2020 03:54:29 GMT",,400,4,user_mentions
4,0.048,0.7,@mauricioricardo,7674,"Wed, 12 Feb 2020 03:54:25 GMT",,700,7,user_mentions
2,0.048,1.2,@robertodfc,2819,"Wed, 12 Feb 2020 03:35:51 GMT",,200,2,user_mentions
18,0.047,0.6,#quefase,1085,"Wed, 12 Feb 2020 03:55:09 GMT",,3500,35,hashtags
4,0.047,0.8,@_sarawinter,8736,"Wed, 12 Feb 2020 03:43:57 GMT",,600,6,user_mentions
6,0.047,0.7,@douradoroque,618,"Wed, 12 Feb 2020 03:55:13 GMT",,1300,13,user_mentions
1,0.047,1.2,@anapaulavolei,793,"Wed, 12 Feb 2020 03:40:28 GMT",,200,2,user_mentions
2,0.047,0.9,@soldado_ziza,8333,"Wed, 12 Feb 2020 03:41:21 GMT",,300,3,user_mentions
31,0.047,0.6,@patrlotas,454,"Wed, 12 Feb 2020 03:55:46 GMT",,5300,53,user_mentions
6,0.046,0.7,#zapgate,2547,"Wed, 12 Feb 2020 03:52:49 GMT",,1100,11,hashtags
1,0.046,1.8,https://twitter.com/fachianot/status/1227396416898727938/photo/1,698,"Wed, 12 Feb 2020 00:58:04 GMT",http://pbs.twimg.com/media/EQiWh85X0AIGWD4.jpg,100,1,media
1,0.046,1.8,@fachianot,695,"Wed, 12 Feb 2020 00:58:04 GMT",http://pbs.twimg.com/media/EQiWh85X0AIGWD4.jpg,100,1,user_mentions
1,0.046,1.8,@macaco56656132,8458,"Wed, 12 Feb 2020 03:27:57 GMT",,100,1,user_mentions
1,0.046,1.8,@claudiodemetri3,18626,"Wed, 12 Feb 2020 00:19:51 GMT",,100,1,user_mentions
1,0.046,1.8,@0tavio0,2270,"Wed, 12 Feb 2020 02:47:34 GMT",,100,1,user_mentions
20,0.046,0.6,@joeldasilvatav3,128,"Wed, 12 Feb 2020 03:54:22 GMT",http://pbs.twimg.com/media/EQisadEX0AADB74.jpg,3400,34,user_mentions
4,0.046,0.9,@fernandinhaant1,169,"Wed, 12 Feb 2020 03:50:18 GMT",,400,4,user_mentions
2,0.045,1.2,@marcia_ctno,14067,"Wed, 12 Feb 2020 03:51:07 GMT",,200,2,user_mentions
5,0.045,0.7,@diogo_varoni,750,"Wed, 12 Feb 2020 03:46:46 GMT",,1000,10,user_mentions
5,0.045,0.7,@heliomdoyle,4065,"Wed, 12 Feb 2020 03:51:53 GMT",,700,7,user_mentions
2,0.044,0.9,@pacefeco,11776,"Wed, 12 Feb 2020 03:56:04 GMT",,300,3,user_mentions
2,0.044,0.9,@diraholanda,210,"Wed, 12 Feb 2020 03:36:24 GMT",,300,3,user_mentions
6,0.044,1.1,@domlancellotti,3317,"Wed, 12 Feb 2020 03:56:08 GMT",http://pbs.twimg.com/media/EQhmokgWAAYGx4n.png,16,6,user_mentions
2,0.044,1.2,@danielpmerj,13654,"Wed, 12 Feb 2020 03:52:24 GMT",,200,2,user_mentions
10,0.043,1.0,@deputadofederal,2838,"Wed, 12 Feb 2020 03:56:12 GMT",,30,12,user_mentions
3,0.043,0.8,@aturaaverdade1,5089,"Wed, 12 Feb 2020 03:53:38 GMT",,400,4,user_mentions
9,0.043,0.7,@sd595,2261,"Wed, 12 Feb 2020 03:53:49 GMT",,1200,12,user_mentions
1,0.042,1.9,@andrefran,8248,"Wed, 12 Feb 2020 03:54:39 GMT",http://pbs.twimg.com/media/EQi-82eW4AQfbnJ.jpg,50,2,user_mentions
1,0.042,1.7,@legermanh,9627,"Wed, 12 Feb 2020 00:09:14 GMT",,100,1,user_mentions
1,0.042,1.7,@yec_terrza,15201,"Wed, 12 Feb 2020 03:09:46 GMT",,100,1,user_mentions
1,0.042,1.7,@letrin45,15203,"Wed, 12 Feb 2020 03:09:46 GMT",,100,1,user_mentions
1,0.042,1.7,@real_tmav,3008,"Wed, 12 Feb 2020 03:54:37 GMT",http://pbs.twimg.com/ext_tw_video_thumb/1227440832371974148/pu/img/7wI1GIx1N3M-UmOH.jpg,100,1,user_mentions
44,0.042,0.5,@lidicedamata,28,"Wed, 12 Feb 2020 03:56:16 GMT",,10900,109,user_mentions
11,0.042,0.6,https://www1.folha.uol.com.br/poder/2020/02/ex-funcionario-de-empresa-de-disparo-em-massa-mente-a-cpi-e-insulta-reporter-da-folha.shtml,12,"Wed, 12 Feb 2020 03:52:12 GMT",,2100,21,urls
4,0.040,0.8,@felipeaveiga,8205,"Wed, 12 Feb 2020 03:52:47 GMT",http://pbs.twimg.com/media/EQijEocWAAUcy0I.jpg,500,5,user_mentions
1,0.040,1.7,@diario_bem,2021,"Wed, 12 Feb 2020 03:36:12 GMT",,100,1,user_mentions
1,0.040,1.7,@randolfeap,1730,"Wed, 12 Feb 2020 03:39:19 GMT",,100,1,user_mentions
107,0.040,0.5,@felipeneto,8,"Wed, 12 Feb 2020 03:56:16 GMT",http://pbs.twimg.com/media/EQi_UUHXUAQb0wM.jpg,18600,186,user_mentions
2,0.040,0.9,@ana19569130,4515,"Wed, 12 Feb 2020 03:35:06 GMT",,300,3,user_mentions
1,0.039,1.6,@clafritz,3494,"Wed, 12 Feb 2020 03:45:08 GMT",,100,1,user_mentions
1,0.039,1.6,@tuliodisousa,16893,"Wed, 12 Feb 2020 03:37:54 GMT",,100,1,user_mentions
1,0.039,1.6,@risepolishand,2483,"Wed, 12 Feb 2020 03:32:42 GMT",http://pbs.twimg.com/media/EQi57IMXkAIOj44.jpg,100,1,user_mentions
1,0.039,1.6,@neeison,2482,"Wed, 12 Feb 2020 03:32:42 GMT",http://pbs.twimg.com/media/EQi57IMXkAIOj44.jpg,100,1,user_mentions
21,0.039,0.6,@marcelolins68,1000,"Wed, 12 Feb 2020 03:56:15 GMT",,1000,32,user_mentions
2,0.039,1.2,@sadrak19321471,8464,"Wed, 12 Feb 2020 03:54:53 GMT",,200,2,user_mentions
13,0.038,0.6,@fertunga,94,"Wed, 12 Feb 2020 03:54:23 GMT",,2700,27,user_mentions
1,0.037,0.9,@hpa1968,3408,"Wed, 12 Feb 2020 03:42:25 GMT",,300,3,user_mentions
2,0.037,0.9,@walter_souza,848,"Wed, 12 Feb 2020 03:41:10 GMT",,300,3,user_mentions
11,0.037,0.6,@xicosa,2903,"Wed, 12 Feb 2020 03:55:36 GMT",http://pbs.twimg.com/media/EQi_KB-XYAMVtNN.jpg,1700,17,user_mentions
1,0.037,1.6,@dricacamarario,4332,"Wed, 12 Feb 2020 01:15:33 GMT",,100,1,user_mentions
2,0.037,1.8,@bcastanheiras,2774,"Wed, 12 Feb 2020 03:51:37 GMT",,50,2,user_mentions
45,0.037,0.5,@rachelsherazade,795,"Wed, 12 Feb 2020 03:55:46 GMT",,7800,78,user_mentions
3,0.035,0.9,@flaviaol,4578,"Wed, 12 Feb 2020 03:50:13 GMT",,300,3,user_mentions
2,0.035,1.8,@enioverri,6821,"Wed, 12 Feb 2020 03:48:51 GMT",,-25,2,user_mentions
14,0.035,0.6,@gabi_moreira,1058,"Wed, 12 Feb 2020 03:55:35 GMT",,1600,16,user_mentions
3,0.035,0.7,@adilsonborszcz,3818,"Wed, 12 Feb 2020 03:47:24 GMT",,500,5,user_mentions
32,0.034,0.5,@marcelofreixo,1966,"Wed, 12 Feb 2020 03:53:03 GMT",,5400,54,user_mentions
5,0.034,0.7,@nesimachado,13046,"Wed, 12 Feb 2020 03:55:37 GMT",,800,8,user_mentions
1,0.034,1.1,@naim_nls,1551,"Wed, 12 Feb 2020 03:30:48 GMT",http://pbs.twimg.com/media/EQi5fVBWkAAPTxE.jpg,200,2,user_mentions
6,0.034,0.6,@meiflop,4978,"Wed, 12 Feb 2020 03:54:01 GMT",,1300,13,user_mentions
1,0.034,1.5,@moyennea,16262,"Wed, 12 Feb 2020 02:01:56 GMT",,100,1,user_mentions
1,0.034,1.5,https://twitter.com/McLima9/status/1227352746682200071,4307,"Wed, 12 Feb 2020 01:00:31 GMT",,100,1,urls
1,0.034,1.5,@ogatopiro,7426,"Wed, 12 Feb 2020 02:47:29 GMT",http://pbs.twimg.com/media/EQivlENXYAAN2r5.jpg,100,1,user_mentions
1,0.034,1.5,https://twitter.com/ogatopiro/status/1227423954496868353/photo/1,7428,"Wed, 12 Feb 2020 02:47:29 GMT",http://pbs.twimg.com/media/EQivlENXYAAN2r5.jpg,100,1,media
2,0.034,1.1,@cibadias,4562,"Wed, 12 Feb 2020 03:39:30 GMT",,200,2,user_mentions
19,0.034,0.5,@renataloprete,547,"Wed, 12 Feb 2020 03:54:48 GMT",,3300,33,user_mentions
6,0.033,0.6,@marcelotas,2845,"Wed, 12 Feb 2020 03:55:54 GMT",,900,9,user_mentions
2,0.033,0.7,@ernsthenrique,8131,"Wed, 12 Feb 2020 03:51:58 GMT",,500,5,user_mentions
6,0.032,1.0,@marciojerry,2445,"Wed, 12 Feb 2020 03:56:04 GMT",,33,7,user_mentions
3,0.032,0.7,@kikirosso,4205,"Wed, 12 Feb 2020 03:38:04 GMT",,500,5,user_mentions
4,0.032,0.7,@tthiagommoura,730,"Wed, 12 Feb 2020 03:48:52 GMT",,800,8,user_mentions
2,0.032,0.8,@angnog,2639,"Wed, 12 Feb 2020 03:35:01 GMT",,300,3,user_mentions
2,0.032,0.8,@jefsoaresm,13443,"Wed, 12 Feb 2020 03:48:09 GMT",,300,3,user_mentions
2,0.032,1.1,@policiafederal,4325,"Wed, 12 Feb 2020 03:51:05 GMT",,200,2,user_mentions
1,0.032,1.5,@claudia57139301,7924,"Wed, 12 Feb 2020 02:15:00 GMT",http://pbs.twimg.com/media/EQioJRNXYAAcVAD.jpg,100,1,user_mentions
1,0.032,1.5,https://twitter.com/claudia57139301/status/1227415779697668097/photo/1,7927,"Wed, 12 Feb 2020 02:15:00 GMT",http://pbs.twimg.com/media/EQioJRNXYAAcVAD.jpg,100,1,media
7,0.032,0.7,@caroldetoni,3923,"Wed, 12 Feb 2020 03:54:01 GMT",,800,8,user_mentions
1,0.031,1.4,@minhoii652,4680,"Wed, 12 Feb 2020 01:35:46 GMT",,100,1,user_mentions
1,0.031,1.4,@rginer3,13142,"Wed, 12 Feb 2020 03:36:33 GMT",,100,1,user_mentions
1,0.031,1.4,https://twitter.com/ladywusimoes/status/1227421958658232320/photo/1,16514,"Wed, 12 Feb 2020 02:39:33 GMT",http://pbs.twimg.com/media/EQitw-6X0AcQDip.jpg,100,1,media
1,0.031,1.4,https://twitter.com/maxwellgomes81/status/1227409359367548928/photo/1,18420,"Wed, 12 Feb 2020 01:49:30 GMT",http://pbs.twimg.com/media/EQiiSuzXYAAxroa.jpg,100,1,media
1,0.031,1.4,@maxwellgomes81,18418,"Wed, 12 Feb 2020 01:49:30 GMT",http://pbs.twimg.com/media/EQiiSuzXYAAxroa.jpg,100,1,user_mentions
21,0.031,0.5,@opropriopontes,1148,"Wed, 12 Feb 2020 03:52:53 GMT",,900,39,user_mentions
3,0.029,0.7,@fabiomoraes,4764,"Wed, 12 Feb 2020 03:43:51 GMT",,500,5,user_mentions
1,0.029,1.4,@zezalulaestrela,14893,"Wed, 12 Feb 2020 03:36:07 GMT",,100,1,user_mentions
1,0.029,1.4,https://twitter.com/beregmaciel/status/1227422234882564096/photo/1,75,"Wed, 12 Feb 2020 02:40:39 GMT",http://pbs.twimg.com/tweet_video_thumb/EQiuAVOWAAAWN-K.jpg,100,1,media
1,0.029,1.4,@maurcioaraujo14,2577,"Wed, 12 Feb 2020 03:28:20 GMT",,100,1,user_mentions
1,0.029,1.4,@beregmaciel,73,"Wed, 12 Feb 2020 02:40:39 GMT",http://pbs.twimg.com/tweet_video_thumb/EQiuAVOWAAAWN-K.jpg,100,1,user_mentions
4,0.029,0.8,https://twitter.com/domdasthreads/status/1227296557680222215?s=21,2140,"Wed, 12 Feb 2020 03:54:10 GMT",,400,4,urls
2,0.029,1.1,@cissaspbr,5178,"Wed, 12 Feb 2020 03:42:37 GMT",,200,2,user_mentions
3,0.028,0.8,@nlsantander,257,"Wed, 12 Feb 2020 03:50:52 GMT",,400,4,user_mentions
2,0.028,0.8,@andra68146246,1982,"Wed, 12 Feb 2020 03:32:35 GMT",http://pbs.twimg.com/media/EQihP28X0AE4fAl.jpg,300,3,user_mentions
2,0.028,0.8,@guarosen,13205,"Wed, 12 Feb 2020 03:49:12 GMT",http://pbs.twimg.com/tweet_video_thumb/EQif3lUX0AIeXbl.jpg,300,3,user_mentions
2,0.028,0.8,https://twitter.com/guarosen/status/1227406684538179585/photo/1,13207,"Wed, 12 Feb 2020 03:49:12 GMT",http://pbs.twimg.com/tweet_video_thumb/EQif3lUX0AIeXbl.jpg,300,3,media
2,0.028,0.8,@guiribeirodias,3600,"Wed, 12 Feb 2020 03:36:43 GMT",,300,3,user_mentions
3,0.028,1.2,@luciaguimaraes,1284,"Wed, 12 Feb 2020 03:36:11 GMT",,0,3,user_mentions
4,0.028,0.7,https://twitter.com/camposmello/status/1227380580888842242,6019,"Wed, 12 Feb 2020 03:48:49 GMT",,500,5,urls
2,0.028,1.1,@romeucastro5,6324,"Wed, 12 Feb 2020 03:51:51 GMT",,200,2,user_mentions
21,0.028,0.5,@lets_dex,600,"Wed, 12 Feb 2020 03:55:03 GMT",,775,34,user_mentions
8,0.027,0.6,@paulocnf,2039,"Wed, 12 Feb 2020 03:53:36 GMT",,1100,11,user_mentions
5,0.027,0.7,@valusa,13033,"Wed, 12 Feb 2020 03:55:47 GMT",,500,5,user_mentions
4,0.027,0.6,@natuzanery,971,"Wed, 12 Feb 2020 03:53:04 GMT",,700,7,user_mentions
2,0.026,1.5,@boscardin,5719,"Wed, 12 Feb 2020 03:45:53 GMT",,0,2,user_mentions
7,0.026,0.6,https://twitter.com/wendersonhott/status/1227391407247314944,1712,"Wed, 12 Feb 2020 03:51:52 GMT",,1100,11,urls
1,0.026,1.4,@pelofimdopt1,17473,"Wed, 12 Feb 2020 01:28:16 GMT",,100,1,user_mentions
1,0.026,1.4,@paulafr43017651,17636,"Wed, 12 Feb 2020 01:47:44 GMT",,100,1,user_mentions
1,0.026,1.4,@w3gner,7890,"Wed, 12 Feb 2020 01:36:59 GMT",,100,1,user_mentions
26,0.025,0.5,@xadrezverbal,79,"Wed, 12 Feb 2020 03:56:08 GMT",,4900,49,user_mentions
1,0.025,1.0,https://twitter.com/leandroruschel/status/1227432791023005696?s=19,9398,"Wed, 12 Feb 2020 03:45:32 GMT",,200,2,urls
1,0.025,1.0,@digosantos1989,5211,"Wed, 12 Feb 2020 03:48:17 GMT",,200,2,user_mentions
4,0.025,0.6,@alexandregrillo,3893,"Wed, 12 Feb 2020 03:55:35 GMT",,700,7,user_mentions
6,0.025,0.6,@apyus,2395,"Wed, 12 Feb 2020 03:52:09 GMT",http://pbs.twimg.com/media/EQi-YDlWoAAzLJL.jpg,800,8,user_mentions
5,0.025,0.6,https://twitter.com/WendersonHott/status/1227391407247314944?s=20,1953,"Wed, 12 Feb 2020 03:38:52 GMT",,700,7,urls
3,0.025,0.6,@infernautao,1848,"Wed, 12 Feb 2020 03:46:34 GMT",http://pbs.twimg.com/media/EQihDU1XYAAVAK1.jpg,900,9,user_mentions
1,0.025,1.3,@mcaiaque,4193,"Wed, 12 Feb 2020 02:14:36 GMT",,100,1,user_mentions
1,0.025,1.3,@pescadorjota,7842,"Wed, 12 Feb 2020 01:46:49 GMT",,100,1,user_mentions
1,0.025,1.3,@deiag1973,4480,"Wed, 12 Feb 2020 01:43:52 GMT",,100,1,user_mentions
1,0.025,1.3,@chello_oliveira,6722,"Wed, 12 Feb 2020 02:37:13 GMT",,100,1,user_mentions
1,0.025,1.3,https://twitter.com/baitazardarocha/status/1227423248767488005/photo/1,6195,"Wed, 12 Feb 2020 02:44:41 GMT",http://pbs.twimg.com/media/EQiu71gWAAA86Y1.jpg,100,1,media
1,0.025,1.3,@baitazardarocha,6192,"Wed, 12 Feb 2020 02:44:41 GMT",http://pbs.twimg.com/media/EQiu71gWAAA86Y1.jpg,100,1,user_mentions
2,0.025,1.0,@paulaataide5,7529,"Wed, 12 Feb 2020 03:51:17 GMT",http://pbs.twimg.com/media/EQi-I4wWkAA2CIv.jpg,200,2,user_mentions
11,0.024,0.5,@jussarasoares,1525,"Wed, 12 Feb 2020 03:51:40 GMT",,2000,20,user_mentions
153,0.024,0.6,@bolsonarosp,143,"Wed, 12 Feb 2020 03:56:11 GMT",http://pbs.twimg.com/media/EQiPojCWkAADKpW.jpg,224,200,user_mentions
3,0.024,0.7,@secomossad,8327,"Wed, 12 Feb 2020 03:50:26 GMT",http://pbs.twimg.com/ext_tw_video_thumb/1227427028930048000/pu/img/o25fVLCDSIl0Xm3A.jpg,500,5,user_mentions
3,0.024,0.7,https://twitter.com/secomossad/status/1227427244081139713/video/1,8329,"Wed, 12 Feb 2020 03:50:26 GMT",http://pbs.twimg.com/ext_tw_video_thumb/1227427028930048000/pu/img/o25fVLCDSIl0Xm3A.jpg,500,5,media
2,0.024,1.0,#hanshiverheroinacional,1247,"Wed, 12 Feb 2020 03:54:31 GMT",,200,2,hashtags
5,0.024,0.6,@meloric13,2038,"Wed, 12 Feb 2020 03:53:36 GMT",,700,7,user_mentions
5,0.024,1.0,@agsportlight,2770,"Wed, 12 Feb 2020 03:54:58 GMT",,0,5,user_mentions
9,0.023,0.5,@carlosjordy,3922,"Wed, 12 Feb 2020 03:54:01 GMT",,1300,13,user_mentions
1,0.023,1.2,@anndrebelem,11209,"Wed, 12 Feb 2020 03:44:30 GMT",,100,1,user_mentions
1,0.023,1.2,@ericaolvsantos,569,"Wed, 12 Feb 2020 01:40:42 GMT",http://pbs.twimg.com/media/EQigR7WX0AASv9F.jpg,100,1,user_mentions
1,0.023,1.2,https://twitter.com/ericaolvsantos/status/1227407147555790851/photo/1,571,"Wed, 12 Feb 2020 01:40:42 GMT",http://pbs.twimg.com/media/EQigR7WX0AASv9F.jpg,100,1,media
2,0.023,0.8,@antoniohcardos1,9422,"Wed, 12 Feb 2020 03:52:20 GMT",,300,3,user_mentions
8,0.022,0.6,@liacrespo,5191,"Wed, 12 Feb 2020 03:54:52 GMT",,900,9,user_mentions
11,0.022,0.8,@carloscezarcjr,2659,"Wed, 12 Feb 2020 03:52:15 GMT",,33,11,user_mentions
1,0.021,1.2,@leorodr10108615,5910,"Wed, 12 Feb 2020 01:53:02 GMT",,100,1,user_mentions
3,0.021,0.8,@lasckokim,8114,"Wed, 12 Feb 2020 03:55:46 GMT",,300,3,user_mentions
1,0.021,1.2,@robertakarla6,1171,"Wed, 12 Feb 2020 03:53:26 GMT",http://pbs.twimg.com/tweet_video_thumb/EQi-qjBWsAAdAC5.jpg,100,1,user_mentions
1,0.021,1.2,@utsch,1172,"Wed, 12 Feb 2020 03:53:26 GMT",http://pbs.twimg.com/tweet_video_thumb/EQi-qjBWsAAdAC5.jpg,100,1,user_mentions
1,0.021,1.2,@rasbrito,3011,"Wed, 12 Feb 2020 03:42:37 GMT",,100,1,user_mentions
1,0.021,1.2,@fbiopin61420684,3040,"Wed, 12 Feb 2020 03:30:44 GMT",,100,1,user_mentions
1,0.021,1.2,@38ateotalo,6588,"Wed, 12 Feb 2020 03:25:40 GMT",,100,1,user_mentions
1,0.021,1.9,@carlajimenez9,3266,"Wed, 12 Feb 2020 03:48:15 GMT",,-33,1,user_mentions
1,0.021,0.9,@mathfreireb,16903,"Wed, 12 Feb 2020 03:54:50 GMT",,200,2,user_mentions
1,0.021,0.9,@lsatan,16904,"Wed, 12 Feb 2020 03:54:50 GMT",,200,2,user_mentions
4,0.021,0.6,@renansantosmbl,2602,"Wed, 12 Feb 2020 03:49:19 GMT",,600,6,user_mentions
10,0.021,0.6,@marilizpj,215,"Wed, 12 Feb 2020 03:55:57 GMT",,275,14,user_mentions
16,0.021,0.5,@claulanz,1754,"Wed, 12 Feb 2020 03:55:57 GMT",,3100,31,user_mentions
2,0.021,0.8,@simonisolange,8729,"Wed, 12 Feb 2020 03:52:16 GMT",,300,3,user_mentions
37,0.020,0.4,@luciomario,2193,"Wed, 12 Feb 2020 03:55:44 GMT",,7200,72,user_mentions
3,0.020,1.1,https://twitter.com/leandroruschel/status/1227346420434448387/photo/1,1033,"Wed, 12 Feb 2020 03:52:26 GMT",http://pbs.twimg.com/media/EQhpD-4XUAMqpIZ.jpg,-19,3,media
2,0.020,0.9,@fabrciomartin16,4377,"Wed, 12 Feb 2020 03:49:15 GMT",http://pbs.twimg.com/media/EQi1xDlWoAEVyqZ.jpg,200,2,user_mentions
5,0.019,0.7,@jaquestrass,2139,"Wed, 12 Feb 2020 03:54:10 GMT",,500,5,user_mentions
5,0.019,0.9,@renato_rovai,6675,"Wed, 12 Feb 2020 03:53:23 GMT",,19,5,user_mentions
19,0.019,0.8,@globonews,270,"Wed, 12 Feb 2020 03:56:09 GMT",http://pbs.twimg.com/media/EQi_S6xWoAI2cMk.jpg,31,20,user_mentions
6,0.019,0.5,@delucca,6523,"Wed, 12 Feb 2020 03:41:28 GMT",,900,9,user_mentions
12,0.019,0.5,@ro_moller,1016,"Wed, 12 Feb 2020 03:53:03 GMT",,2000,20,user_mentions
4,0.019,0.7,@tiavaporwave,2923,"Wed, 12 Feb 2020 03:52:51 GMT",,400,4,user_mentions
1,0.019,0.6,@schmittpaula,1954,"Wed, 12 Feb 2020 03:42:43 GMT",,600,6,user_mentions
21,0.019,0.5,@leandroruschel,333,"Wed, 12 Feb 2020 03:53:55 GMT",,416,30,user_mentions
1,0.019,1.2,@fernandocabulo3,4665,"Wed, 12 Feb 2020 03:42:15 GMT",http://pbs.twimg.com/media/EQi8GkOXsAImcvV.jpg,100,1,user_mentions
1,0.019,1.2,@jomenezes,12522,"Wed, 12 Feb 2020 02:16:13 GMT",,100,1,user_mentions
1,0.019,1.2,@mando31394143,17731,"Wed, 12 Feb 2020 03:42:05 GMT",http://pbs.twimg.com/ext_tw_video_thumb/1227437634546544642/pu/img/reJ3giByZj4kAmTK.jpg,100,1,user_mentions
1,0.019,1.2,@frstweets,8557,"Wed, 12 Feb 2020 03:12:12 GMT",,100,1,user_mentions
1,0.019,1.2,@cappellarianton,17316,"Wed, 12 Feb 2020 03:16:53 GMT",,100,1,user_mentions
1,0.019,1.2,@gustavoleao1971,5359,"Wed, 12 Feb 2020 00:05:15 GMT",,100,1,user_mentions
1,0.019,1.2,@mycury,4554,"Wed, 12 Feb 2020 01:39:32 GMT",,100,1,user_mentions
1,0.019,1.2,https://twitter.com/dr_luis_antonio/status/1227382382757634051/video/1,13920,"Wed, 12 Feb 2020 00:02:18 GMT",http://pbs.twimg.com/ext_tw_video_thumb/1227382149336174592/pu/img/4glJ5TSrtG4rvscF.jpg,100,1,media
1,0.019,1.2,@dr_luis_antonio,13918,"Wed, 12 Feb 2020 00:02:18 GMT",http://pbs.twimg.com/ext_tw_video_thumb/1227382149336174592/pu/img/4glJ5TSrtG4rvscF.jpg,100,1,user_mentions
5,0.019,0.5,@eusoulivres,63,"Wed, 12 Feb 2020 03:53:47 GMT",,1100,11,user_mentions
58,0.018,0.4,@allantercalivre,98,"Wed, 12 Feb 2020 03:56:11 GMT",,9800,98,user_mentions
1,0.018,0.9,@andreazaraujo,430,"Wed, 12 Feb 2020 03:33:33 GMT",,200,2,user_mentions
5,0.018,0.6,@85229524,2221,"Wed, 12 Feb 2020 03:51:57 GMT",,700,7,user_mentions
15,0.018,0.8,@guilhermeboulos,868,"Wed, 12 Feb 2020 03:53:31 GMT",,30,16,user_mentions
2,0.017,0.7,@brasil2506,5295,"Wed, 12 Feb 2020 03:35:38 GMT",,300,3,user_mentions
9,0.017,0.5,@rafaelfontana,4022,"Wed, 12 Feb 2020 03:56:08 GMT",,1900,19,user_mentions
29,0.017,0.4,@natbonavides,305,"Wed, 12 Feb 2020 03:54:50 GMT",,4900,49,user_mentions
2,0.016,0.7,@kausanciao,8394,"Wed, 12 Feb 2020 03:44:16 GMT",,300,3,user_mentions
3,0.016,0.7,@michellucci56,3126,"Wed, 12 Feb 2020 03:43:51 GMT",,400,4,user_mentions
4,0.016,0.7,@analuizaalbuq,5208,"Wed, 12 Feb 2020 03:49:43 GMT",,400,4,user_mentions
17,0.016,0.4,@soniabridi,2176,"Wed, 12 Feb 2020 03:56:10 GMT",http://pbs.twimg.com/media/EQi_SG_X0AQKqzU.jpg,3000,30,user_mentions
4,0.016,0.8,@nancydutra,865,"Wed, 12 Feb 2020 03:52:24 GMT",http://pbs.twimg.com/media/EQi-bcoXkAEuN2o.jpg,150,4,user_mentions
4,0.015,0.6,@vaporguedes,429,"Wed, 12 Feb 2020 03:38:52 GMT",,600,6,user_mentions
1,0.015,1.1,https://www1.folha.uol.com.br/amp/poder/2020/02/ex-funcionario-de-empresa-de-disparo-em-massa-mente-a-cpi-e-insulta-reporter-da-folha.shtml?utm_source=twitter&utm_medium=social&utm_campaign=comptw&__twitter_impression=true,2878,"Wed, 12 Feb 2020 03:39:42 GMT",,100,1,urls
1,0.015,1.1,@professorwilkin,13520,"Wed, 12 Feb 2020 02:29:44 GMT",http://pbs.twimg.com/media/EQirgxLXkAAlXta.jpg,100,1,user_mentions
1,0.015,1.1,https://twitter.com/professorwilkin/status/1227419486350987264/photo/1,13522,"Wed, 12 Feb 2020 02:29:44 GMT",http://pbs.twimg.com/media/EQirgxLXkAAlXta.jpg,100,1,media
1,0.015,1.1,@daltonfstrauss,14189,"Wed, 12 Feb 2020 02:01:56 GMT",,100,1,user_mentions
1,0.015,1.1,@costa59beto,15342,"Wed, 12 Feb 2020 03:45:38 GMT",,100,1,user_mentions
1,0.015,1.1,@fabiss1072,15574,"Wed, 12 Feb 2020 02:03:04 GMT",http://pbs.twimg.com/media/EQilZ73XYAA977f.jpg,100,1,user_mentions
1,0.015,1.1,https://twitter.com/fabiss1072/status/1227412773921005568/photo/1,15577,"Wed, 12 Feb 2020 02:03:04 GMT",http://pbs.twimg.com/media/EQilZ73XYAA977f.jpg,100,1,media
5,0.015,0.5,@herbert_buriti,733,"Wed, 12 Feb 2020 03:48:52 GMT",,1100,11,user_mentions
5,0.015,0.5,@faaugusto2,732,"Wed, 12 Feb 2020 03:48:52 GMT",,1100,11,user_mentions
14,0.015,0.4,@rosana,735,"Wed, 12 Feb 2020 03:55:42 GMT",,2100,21,user_mentions
2,0.015,1.2,@marcostauros,4382,"Wed, 12 Feb 2020 03:48:22 GMT",,-25,2,user_mentions
13,0.015,0.7,@gcasaroes,3302,"Wed, 12 Feb 2020 03:53:47 GMT",,63,17,user_mentions
2,0.015,0.7,@fiaviogarage,1219,"Wed, 12 Feb 2020 03:34:11 GMT",,300,3,user_mentions
2,0.015,0.7,@lucianapetine,11537,"Wed, 12 Feb 2020 03:51:37 GMT",,300,3,user_mentions
4,0.015,0.7,@teff_ferrari,1569,"Wed, 12 Feb 2020 03:53:41 GMT",,400,4,user_mentions
4,0.015,0.5,@super_sappo,1629,"Wed, 12 Feb 2020 03:50:06 GMT",,700,7,user_mentions
1,0.015,1.5,@clynsonoliveira,14813,"Wed, 12 Feb 2020 03:55:43 GMT",,0,1,user_mentions
3,0.015,0.7,@adrianoquites,4064,"Wed, 12 Feb 2020 03:41:15 GMT",,400,4,user_mentions
2,0.015,0.9,@roselaranja,11297,"Wed, 12 Feb 2020 03:51:05 GMT",,200,2,user_mentions
2,0.015,0.9,@adrianamnavas,3364,"Wed, 12 Feb 2020 03:34:06 GMT",,200,2,user_mentions
2,0.014,0.6,@thor_nado1984,1274,"Wed, 12 Feb 2020 03:51:48 GMT",,500,5,user_mentions
4,0.014,0.6,@serapis17125707,665,"Wed, 12 Feb 2020 03:42:40 GMT",,600,6,user_mentions
6,0.014,0.5,https://twitter.com/WendersonHott/status/1227391407247314944?s=19,345,"Wed, 12 Feb 2020 03:49:40 GMT",,900,9,urls
13,0.013,0.7,@clauwild1,936,"Wed, 12 Feb 2020 03:55:49 GMT",,-6,13,user_mentions
1,0.013,1.1,@dramonica65,4931,"Wed, 12 Feb 2020 01:42:38 GMT",,100,1,user_mentions
1,0.013,1.1,@juninho_hanggar,10517,"Wed, 12 Feb 2020 03:45:20 GMT",,100,1,user_mentions
1,0.013,1.1,@trilhosdobrasil,8862,"Wed, 12 Feb 2020 00:49:06 GMT",,100,1,user_mentions
1,0.013,1.1,@victor_romeu,1576,"Wed, 12 Feb 2020 03:45:20 GMT",,100,1,user_mentions
1,0.013,1.1,@marischreiber,1857,"Wed, 12 Feb 2020 03:39:43 GMT",,100,1,user_mentions
25,0.013,0.7,@blogdopannunzio,142,"Wed, 12 Feb 2020 03:52:41 GMT",,36,25,user_mentions
4,0.013,0.7,@monicabergamo,1859,"Wed, 12 Feb 2020 03:52:02 GMT",,400,4,user_mentions
4,0.013,0.9,@rbaltha,3143,"Wed, 12 Feb 2020 03:55:25 GMT",,0,4,user_mentions
2,0.012,0.6,@mlsdasilva1,731,"Wed, 12 Feb 2020 03:38:26 GMT",,400,4,user_mentions
2,0.012,0.7,#tamojunto,3432,"Wed, 12 Feb 2020 03:35:41 GMT",,300,3,hashtags
2,0.012,0.7,@ladobdemim,15168,"Wed, 12 Feb 2020 03:50:34 GMT",,300,3,user_mentions
5,0.012,0.5,@tychokeps,10618,"Wed, 12 Feb 2020 03:55:45 GMT",,900,9,user_mentions
5,0.012,0.5,@marcoaurelio969,10621,"Wed, 12 Feb 2020 03:55:45 GMT",,900,9,user_mentions
5,0.012,0.5,@rafapaixao87,10619,"Wed, 12 Feb 2020 03:55:45 GMT",,900,9,user_mentions
7,0.012,0.4,@rosebdmello,6312,"Wed, 12 Feb 2020 03:55:54 GMT",,1300,13,user_mentions
10,0.012,0.4,@educardinal,434,"Wed, 12 Feb 2020 03:55:48 GMT",,850,18,user_mentions
4,0.011,0.6,@juliano_so2,258,"Wed, 12 Feb 2020 03:46:22 GMT",,400,4,user_mentions
6,0.011,0.4,@yanlucascrf_,734,"Wed, 12 Feb 2020 03:48:52 GMT",,1200,12,user_mentions
1,0.011,0.8,@danielsilvagbe,5498,"Wed, 12 Feb 2020 03:46:08 GMT",,200,2,user_mentions
1,0.011,0.8,#hansonegaodowhatsapp,4749,"Wed, 12 Feb 2020 03:51:31 GMT",,200,2,hashtags
2,0.011,0.7,https://twitter.com/jorg3fjr/status/1227383455404744704/photo/1,10922,"Wed, 12 Feb 2020 03:44:43 GMT",http://pbs.twimg.com/media/EQiKu6JXkAEWS1e.png,300,3,media
2,0.011,0.7,@gabriel__72,1716,"Wed, 12 Feb 2020 03:34:11 GMT",,300,3,user_mentions
2,0.011,0.8,@direitaop,5144,"Wed, 12 Feb 2020 03:36:51 GMT",,200,2,user_mentions
16,0.011,0.4,@georgmarques,1619,"Wed, 12 Feb 2020 03:53:38 GMT",,625,28,user_mentions
1,0.011,1.0,https://twitter.com/silvana_cassia_/status/1227426572942135298/photo/1,1385,"Wed, 12 Feb 2020 02:57:54 GMT",http://pbs.twimg.com/tweet_video_thumb/EQix7h8WsAEszu-.jpg,100,1,media
1,0.011,1.0,https://twitter.com/luciomario/status/1227406882001780738?s=19,7397,"Wed, 12 Feb 2020 03:38:59 GMT",,100,1,urls
1,0.011,1.0,https://twitter.com/luciomario/status/1227415230151643136?s=19,7186,"Wed, 12 Feb 2020 03:39:21 GMT",,100,1,urls
1,0.011,1.0,@thiagosroficial,3624,"Wed, 12 Feb 2020 02:54:11 GMT",,100,1,user_mentions
1,0.011,1.0,https://twitter.com/fabrciomartin16/status/1227430762099638277/photo/1,14341,"Wed, 12 Feb 2020 03:14:32 GMT",http://pbs.twimg.com/media/EQi1xDlWoAEVyqZ.jpg,100,1,media
1,0.011,1.0,@silvana_cassia_,1382,"Wed, 12 Feb 2020 02:57:54 GMT",http://pbs.twimg.com/tweet_video_thumb/EQix7h8WsAEszu-.jpg,100,1,user_mentions
9,0.011,0.7,@malugaspar,1064,"Wed, 12 Feb 2020 03:40:12 GMT",,11,9,user_mentions
6,0.011,0.5,@biakicis,7362,"Wed, 12 Feb 2020 03:54:01 GMT",,600,6,user_mentions
4,0.010,0.8,@rubensvalente,6496,"Wed, 12 Feb 2020 03:46:42 GMT",,-16,4,user_mentions
7,0.010,0.7,@lelispatricia,2861,"Wed, 12 Feb 2020 03:51:18 GMT",,33,7,user_mentions
1,0.010,1.2,@pastorliomar,8485,"Wed, 12 Feb 2020 03:41:06 GMT",,0,1,user_mentions
5,0.010,0.8,@marcelorohde,2860,"Wed, 12 Feb 2020 03:49:23 GMT",,0,5,user_mentions
1,0.009,0.9,@wton30591977,17802,"Wed, 12 Feb 2020 03:53:11 GMT",,100,1,user_mentions
1,0.009,0.9,@windsl4sh3r,2225,"Wed, 12 Feb 2020 03:32:11 GMT",http://pbs.twimg.com/tweet_video_thumb/EQi5zWGXYAEQri8.jpg,100,1,user_mentions
1,0.009,0.9,@jacobinorobo,15107,"Wed, 12 Feb 2020 03:41:23 GMT",,100,1,user_mentions
1,0.009,0.9,@resistn06752341,5805,"Wed, 12 Feb 2020 03:34:07 GMT",,100,1,user_mentions
1,0.009,0.9,@terca_livre,6012,"Wed, 12 Feb 2020 03:39:42 GMT",,100,1,user_mentions
1,0.009,1.2,@denisepazzz,16352,"Wed, 12 Feb 2020 03:52:15 GMT",,0,1,user_mentions
3,0.009,0.5,@mvitorodrigues,3132,"Wed, 12 Feb 2020 03:54:06 GMT",,500,5,user_mentions
3,0.009,0.6,@vanessaafs,7211,"Wed, 12 Feb 2020 03:48:52 GMT",,300,3,user_mentions
2,0.009,1.0,@_pinheira,4036,"Wed, 12 Feb 2020 03:54:09 GMT",,0,2,user_mentions
4,0.009,0.5,@taxidermistamj,8578,"Wed, 12 Feb 2020 03:47:03 GMT",,500,5,user_mentions
5,0.009,0.8,@andrefernm,2817,"Wed, 12 Feb 2020 03:52:06 GMT",,19,5,user_mentions
5,0.008,0.5,@ggreenwald,737,"Wed, 12 Feb 2020 03:55:21 GMT",,350,8,user_mentions
1,0.008,0.6,@quezianascimen3,2941,"Wed, 12 Feb 2020 03:46:16 GMT",,300,3,user_mentions
2,0.008,0.6,@metacapitalista,5138,"Wed, 12 Feb 2020 03:45:16 GMT",,300,3,user_mentions
3,0.008,0.8,@augustodeab,687,"Wed, 12 Feb 2020 03:55:00 GMT",,33,3,user_mentions
1,0.008,0.9,@souza_feu,4970,"Wed, 12 Feb 2020 01:38:18 GMT",,100,1,user_mentions
1,0.008,0.9,https://twitter.com/carlazambelli38/status/1227305661257654272,8579,"Wed, 12 Feb 2020 03:39:25 GMT",,100,1,urls
1,0.008,0.9,@aspasia_maria,6728,"Wed, 12 Feb 2020 03:36:57 GMT",,100,1,user_mentions
1,0.008,0.9,@alexmarcm,1533,"Wed, 12 Feb 2020 03:33:33 GMT",,100,1,user_mentions
1,0.008,0.9,@garutirmaudito1,8624,"Wed, 12 Feb 2020 02:36:15 GMT",,100,1,user_mentions
1,0.008,0.9,@pradooseias,14571,"Wed, 12 Feb 2020 03:36:59 GMT",http://pbs.twimg.com/media/EQi65GZWkAAVz22.jpg,100,1,user_mentions
14,0.008,0.4,@majucoutinho,916,"Wed, 12 Feb 2020 03:52:41 GMT",http://pbs.twimg.com/tweet_video_thumb/EQi-fydXsAI9vO8.jpg,1600,16,user_mentions
2,0.007,0.8,@caldasvasques,13773,"Wed, 12 Feb 2020 03:52:09 GMT",,200,2,user_mentions
3,0.007,0.5,@julioseibei,1218,"Wed, 12 Feb 2020 03:34:11 GMT",,400,4,user_mentions
2,0.007,0.5,@brennaassis1,5499,"Wed, 12 Feb 2020 03:53:55 GMT",,500,5,user_mentions
2,0.007,0.5,@silva1129946533,5501,"Wed, 12 Feb 2020 03:53:55 GMT",,500,5,user_mentions
2,0.007,0.5,@moretznaro,5500,"Wed, 12 Feb 2020 03:53:55 GMT",,500,5,user_mentions
3,0.007,0.7,@obrasildofutur1,3796,"Wed, 12 Feb 2020 03:56:12 GMT",,100,3,user_mentions
4,0.007,0.5,@dealeitao,3205,"Wed, 12 Feb 2020 03:55:31 GMT",,500,5,user_mentions
6,0.007,0.5,@frabezerra,3801,"Wed, 12 Feb 2020 03:54:48 GMT",,166,7,user_mentions
3,0.007,0.6,@folhaexpert,949,"Wed, 12 Feb 2020 03:54:40 GMT",,300,3,user_mentions
2,0.007,0.6,@carmemk,5273,"Wed, 12 Feb 2020 03:36:13 GMT",,300,3,user_mentions
6,0.007,0.4,@yodasapiens_29,2600,"Wed, 12 Feb 2020 03:49:19 GMT",,700,7,user_mentions
1,0.007,0.9,@tvsenado,5441,"Wed, 12 Feb 2020 03:18:37 GMT",http://pbs.twimg.com/media/EQi2tR9WoAA7xob.jpg,100,1,user_mentions
1,0.007,0.9,@lialuiz,18437,"Wed, 12 Feb 2020 01:32:28 GMT",http://pbs.twimg.com/media/EQieSkzWoAEImUm.jpg,100,1,user_mentions
1,0.007,0.9,@wilsonmessias01,16885,"Wed, 12 Feb 2020 01:38:28 GMT",,100,1,user_mentions
1,0.007,0.9,https://twitter.com/karlinha2505/status/1227431789926457347/photo/1,5443,"Wed, 12 Feb 2020 03:18:37 GMT",http://pbs.twimg.com/media/EQi2tR9WoAA7xob.jpg,100,1,media
1,0.007,0.9,@karlinha2505,5440,"Wed, 12 Feb 2020 03:18:37 GMT",http://pbs.twimg.com/media/EQi2tR9WoAA7xob.jpg,100,1,user_mentions
1,0.007,0.9,@ricardokowalsk,2830,"Wed, 12 Feb 2020 03:31:27 GMT",,100,1,user_mentions
1,0.007,0.9,@meuzovoooo,1493,"Wed, 12 Feb 2020 03:31:46 GMT",,100,1,user_mentions
1,0.007,0.9,@lorenzettiteka,1494,"Wed, 12 Feb 2020 03:31:46 GMT",,100,1,user_mentions
1,0.007,0.9,https://twitter.com/lialuiz/status/1227405075892576257/photo/1,18439,"Wed, 12 Feb 2020 01:32:28 GMT",http://pbs.twimg.com/media/EQieSkzWoAEImUm.jpg,100,1,media
9,0.006,0.6,@nayarafelizardo,3310,"Wed, 12 Feb 2020 03:55:58 GMT",,42,9,user_mentions
2,0.006,0.6,@bluiz2010,7793,"Wed, 12 Feb 2020 03:46:47 GMT",,300,3,user_mentions
3,0.006,0.5,@srtalee17,5613,"Wed, 12 Feb 2020 03:50:51 GMT",,500,5,user_mentions
4,0.006,0.5,@romulomkrepel,409,"Wed, 12 Feb 2020 03:49:52 GMT",,400,4,user_mentions
28,0.006,0.5,@rvianna,107,"Wed, 12 Feb 2020 03:56:09 GMT",http://pbs.twimg.com/media/EQi_S6xWoAI2cMk.jpg,95,38,user_mentions
3,0.006,0.6,@lilovlog,5419,"Wed, 12 Feb 2020 03:46:10 GMT",,300,3,user_mentions
2,0.006,0.7,@riccofla,9067,"Wed, 12 Feb 2020 03:44:16 GMT",,200,2,user_mentions
2,0.006,0.7,@opressaodivas,4851,"Wed, 12 Feb 2020 03:39:14 GMT",,200,2,user_mentions
2,0.006,0.7,@ballistadaniela,4849,"Wed, 12 Feb 2020 03:39:14 GMT",,200,2,user_mentions
2,0.006,0.7,@beatrizbulla,1113,"Wed, 12 Feb 2020 03:45:28 GMT",,200,2,user_mentions
2,0.006,0.7,@greguio,4850,"Wed, 12 Feb 2020 03:39:14 GMT",,200,2,user_mentions
4,0.005,0.7,@daniwinebrasil,4574,"Wed, 12 Feb 2020 03:48:30 GMT",,66,4,user_mentions
9,0.005,0.2,@bollemdb,10,"Wed, 12 Feb 2020 03:52:12 GMT",,1500,15,user_mentions
2,0.005,0.9,@manoelmsgontijo,846,"Wed, 12 Feb 2020 03:34:00 GMT",http://pbs.twimg.com/ext_tw_video_thumb/1227364462795149313/pu/img/w8KKSE8ZFbilvdMD.jpg,0,2,user_mentions
21,0.005,0.5,@blogdosakamoto,18,"Wed, 12 Feb 2020 03:53:52 GMT",,15,21,user_mentions
6,0.005,0.4,@angelopilla,3976,"Wed, 12 Feb 2020 03:53:46 GMT",,800,8,user_mentions
5,0.005,0.3,@paulovitorbra,1152,"Wed, 12 Feb 2020 03:49:55 GMT",,1000,10,user_mentions
1,0.005,0.8,@coutosarandy,16947,"Wed, 12 Feb 2020 01:48:57 GMT",,100,1,user_mentions
1,0.005,0.8,@marcos_cesar_br,16762,"Wed, 12 Feb 2020 03:19:48 GMT",http://pbs.twimg.com/media/EQi2-SeWkAA6QyO.jpg,100,1,user_mentions
1,0.005,0.8,@alice_ane,18473,"Wed, 12 Feb 2020 02:13:08 GMT",,100,1,user_mentions
1,0.005,0.8,@alansouzapinto,15393,"Wed, 12 Feb 2020 03:52:30 GMT",,100,1,user_mentions
1,0.005,0.8,@ricardoptb,11123,"Wed, 12 Feb 2020 00:55:23 GMT",,100,1,user_mentions
1,0.005,0.8,https://twitter.com/marcos_cesar_br/status/1227432084731564035/photo/1,16765,"Wed, 12 Feb 2020 03:19:48 GMT",http://pbs.twimg.com/media/EQi2-SeWkAA6QyO.jpg,100,1,media
1,0.005,0.8,@camillo_renata,9115,"Wed, 12 Feb 2020 01:50:08 GMT",,100,1,user_mentions
1,0.005,0.8,@mariado77158082,18475,"Wed, 12 Feb 2020 02:13:08 GMT",,100,1,user_mentions
1,0.005,0.8,https://www.youtube.com/soldadoziza,8336,"Wed, 12 Feb 2020 03:28:10 GMT",,100,1,urls
1,0.005,0.8,@taliriapetrone,7540,"Wed, 12 Feb 2020 03:12:25 GMT",,100,1,user_mentions
1,0.005,0.8,https://twitter.com/eusouvult/status/1227431308864913409/photo/1,3831,"Wed, 12 Feb 2020 03:16:43 GMT",http://pbs.twimg.com/media/EQi2RC-XYAEM2gr.jpg,100,1,media
1,0.005,0.8,@shirley_netlley,2108,"Wed, 12 Feb 2020 03:23:25 GMT",,100,1,user_mentions
1,0.005,0.8,@50chicoalencar,7539,"Wed, 12 Feb 2020 03:12:25 GMT",,100,1,user_mentions
1,0.005,0.8,@facedasaguas,7534,"Wed, 12 Feb 2020 03:12:25 GMT",,100,1,user_mentions
1,0.005,0.8,@tewuilla,6556,"Wed, 12 Feb 2020 02:59:37 GMT",,100,1,user_mentions
1,0.005,0.8,@machado8888,4580,"Wed, 12 Feb 2020 02:48:39 GMT",,100,1,user_mentions
4,0.005,0.4,@robsoncastrorj,1151,"Wed, 12 Feb 2020 03:49:55 GMT",,800,8,user_mentions
4,0.005,0.5,@cfreitasr,3079,"Wed, 12 Feb 2020 03:36:12 GMT",,166,7,user_mentions
2,0.005,0.5,@nideoliveira71,88,"Wed, 12 Feb 2020 03:41:00 GMT",,300,3,user_mentions
2,0.005,0.5,@trumpthatcher,6913,"Wed, 12 Feb 2020 03:38:44 GMT",,300,3,user_mentions
4,0.004,0.3,@brunomtx,2143,"Wed, 12 Feb 2020 03:49:55 GMT",,800,8,user_mentions
2,0.004,0.5,https://twitter.com/felipeaveiga/status/1227410229350019072/photo/1,15388,"Wed, 12 Feb 2020 03:52:47 GMT",http://pbs.twimg.com/media/EQijEocWAAUcy0I.jpg,300,3,media
4,0.004,0.4,@nesiafadnesia17,290,"Wed, 12 Feb 2020 03:55:39 GMT",,700,7,user_mentions
3,0.004,0.5,@matheus_hotw,3496,"Wed, 12 Feb 2020 03:46:43 GMT",,300,3,user_mentions
2,0.004,0.7,@hugopierot,11947,"Wed, 12 Feb 2020 03:50:45 GMT",,200,2,user_mentions
2,0.004,0.7,https://twitter.com/pradooseias/status/1227436411189710849/photo/1,6330,"Wed, 12 Feb 2020 03:49:35 GMT",http://pbs.twimg.com/media/EQi65GZWkAAVz22.jpg,200,2,media
3,0.004,0.4,@jorg3fjr,10585,"Wed, 12 Feb 2020 03:46:43 GMT",,600,6,user_mentions
4,0.004,0.4,@jcerodrigues,10615,"Wed, 12 Feb 2020 03:53:04 GMT",,600,6,user_mentions
2,0.004,0.7,@letciar95448486,17563,"Wed, 12 Feb 2020 03:54:55 GMT",,200,2,user_mentions
6,0.004,0.6,@aurelianogjr,7343,"Wed, 12 Feb 2020 03:54:45 GMT",,-12,6,user_mentions
2,0.004,0.5,https://twitter.com/infernautao/status/1227407990279593990/photo/1,1850,"Wed, 12 Feb 2020 03:46:34 GMT",http://pbs.twimg.com/media/EQihDU1XYAAVAK1.jpg,300,3,media
2,0.004,0.8,@pinguc0_,598,"Wed, 12 Feb 2020 03:53:06 GMT",,-25,2,user_mentions
1,0.004,0.8,@adriana75521339,4249,"Wed, 12 Feb 2020 03:26:42 GMT",,100,1,user_mentions
1,0.004,0.8,@douglasbuller,9325,"Wed, 12 Feb 2020 02:39:13 GMT",,100,1,user_mentions
1,0.004,0.8,@jmbemoro,12794,"Wed, 12 Feb 2020 03:35:51 GMT",,100,1,user_mentions
1,0.004,0.8,@sandra_miria,5087,"Wed, 12 Feb 2020 03:40:55 GMT",,100,1,user_mentions
3,0.003,0.4,@arturrodrigues,11119,"Wed, 12 Feb 2020 03:55:32 GMT",,400,4,user_mentions
2,0.003,0.5,@anasilv64311272,11906,"Wed, 12 Feb 2020 03:49:57 GMT",,300,3,user_mentions
2,0.003,0.5,@cansera,8420,"Wed, 12 Feb 2020 03:51:33 GMT",,300,3,user_mentions
2,0.003,0.6,@tinasouzario,12969,"Wed, 12 Feb 2020 03:55:38 GMT",,200,2,user_mentions
2,0.003,0.6,@emannuelprof,4879,"Wed, 12 Feb 2020 03:45:24 GMT",,200,2,user_mentions
1,0.003,0.9,https://twitter.com/nagbarros/status/1227323241733279746/photo/1,8470,"Wed, 12 Feb 2020 03:42:00 GMT",http://pbs.twimg.com/media/EQhT-WjWAAEtBGv.jpg,-33,1,media
1,0.003,0.9,@nagbarros,8467,"Wed, 12 Feb 2020 03:42:00 GMT",http://pbs.twimg.com/media/EQhT-WjWAAEtBGv.jpg,-33,1,user_mentions
3,0.003,0.4,@g_g_garci,11908,"Wed, 12 Feb 2020 03:56:11 GMT",,400,4,user_mentions
2,0.003,0.4,@victorferreira,2699,"Wed, 12 Feb 2020 03:37:01 GMT",,300,3,user_mentions
2,0.003,0.4,@badpandacomecu,4122,"Wed, 12 Feb 2020 03:46:53 GMT",,300,3,user_mentions
4,0.003,0.4,@senadofederal,1544,"Wed, 12 Feb 2020 03:40:56 GMT",,500,5,user_mentions
6,0.003,0.3,@fdantasestado,11970,"Wed, 12 Feb 2020 03:54:17 GMT",,700,7,user_mentions
2,0.003,0.6,@kwaracy,3692,"Wed, 12 Feb 2020 03:53:32 GMT",,200,2,user_mentions
2,0.003,0.6,@feganzer26,6621,"Wed, 12 Feb 2020 03:49:58 GMT",,200,2,user_mentions
5,0.003,0.3,@frazao_denis,1150,"Wed, 12 Feb 2020 03:49:55 GMT",,700,7,user_mentions
3,0.003,0.4,@lucimarliotto,22,"Wed, 12 Feb 2020 03:48:43 GMT",,500,5,user_mentions
3,0.003,0.4,@regisgalo_13,1837,"Wed, 12 Feb 2020 03:39:53 GMT",,500,5,user_mentions
2,0.003,0.8,@xerloquis,16015,"Wed, 12 Feb 2020 03:56:08 GMT",http://pbs.twimg.com/media/EQhmokgWAAYGx4n.png,50,2,user_mentions
2,0.003,0.8,@sergiomorai,7129,"Wed, 12 Feb 2020 03:42:11 GMT",http://pbs.twimg.com/media/EQiFw8QWAAETS38.jpg,-25,2,user_mentions
2,0.003,0.8,https://twitter.com/sergiomorai/status/1227377993028337664/photo/1,7132,"Wed, 12 Feb 2020 03:42:11 GMT",http://pbs.twimg.com/media/EQiFw8QWAAETS38.jpg,-25,2,media
3,0.003,0.7,https://twitter.com/andrefernm/status/1227346650265456640?s=21,3458,"Wed, 12 Feb 2020 03:52:06 GMT",,-19,3,urls
1,0.003,0.7,@twitterbrasil,10609,"Wed, 12 Feb 2020 03:45:30 GMT",,100,1,user_mentions
1,0.003,0.7,@cleberdeamorim2,2011,"Wed, 12 Feb 2020 01:31:26 GMT",,100,1,user_mentions
1,0.003,0.7,@rosental,5984,"Wed, 12 Feb 2020 03:48:24 GMT",,100,1,user_mentions
1,0.003,0.7,@mhgshelena,14144,"Wed, 12 Feb 2020 01:27:54 GMT",,100,1,user_mentions
1,0.003,0.7,@fernando_g_f_,14146,"Wed, 12 Feb 2020 01:27:54 GMT",,100,1,user_mentions
1,0.003,0.7,@claudineicorde,6093,"Wed, 12 Feb 2020 01:16:33 GMT",,100,1,user_mentions
1,0.003,0.9,@claudioangelo,15657,"Wed, 12 Feb 2020 03:53:18 GMT",,-33,1,user_mentions
5,0.003,0.3,@carlosbolsonaro,3924,"Wed, 12 Feb 2020 03:52:05 GMT",,600,6,user_mentions
2,0.003,0.4,@suzanaregina17,1920,"Wed, 12 Feb 2020 03:51:16 GMT",http://pbs.twimg.com/tweet_video_thumb/EQiX0jQXkAAjtpr.jpg,300,3,user_mentions
2,0.003,0.4,@rapha_alacoque,6099,"Wed, 12 Feb 2020 03:41:31 GMT",,300,3,user_mentions
2,0.003,0.4,https://youtu.be/VRgybIP8qJo,6101,"Wed, 12 Feb 2020 03:41:31 GMT",,300,3,urls
1,0.003,0.2,https://www1.folha.uol.com.br/amp/poder/2020/02/ex-funcionario-de-empresa-de-disparo-em-massa-mente-a-cpi-e-insulta-reporter-da-folha.shtml?__twitter_impression=true,8267,"Wed, 12 Feb 2020 03:54:40 GMT",,600,6,urls
1,0.002,0.6,https://dfemfoco.com.br/empresa-do-pai-da-jornalista-da-folha-que-atacou-bolsonaro-foi-acusada-de-receber-r-15-mi-em-propina-do-pt/,18160,"Wed, 12 Feb 2020 03:56:03 GMT",,200,2,urls
9,0.002,0.1,@robinayala,1027,"Wed, 12 Feb 2020 03:54:22 GMT",http://pbs.twimg.com/media/EQisadEX0AADB74.jpg,1100,11,user_mentions
2,0.002,0.4,@soniafrancolima,9023,"Wed, 12 Feb 2020 03:49:57 GMT",,300,3,user_mentions
2,0.002,0.4,https://twitter.com/galo_vasco/status/1227386704283275265,9452,"Wed, 12 Feb 2020 03:42:45 GMT",,300,3,urls
2,0.002,0.4,@galo_vasco,9448,"Wed, 12 Feb 2020 03:42:45 GMT",,300,3,user_mentions
2,0.002,0.4,@alex28582417,11330,"Wed, 12 Feb 2020 03:46:44 GMT",,400,4,user_mentions
6,0.002,0.2,@blogdonoblat,861,"Wed, 12 Feb 2020 03:43:10 GMT",,700,7,user_mentions
4,0.002,0.2,@ksully52833391,2354,"Wed, 12 Feb 2020 03:48:52 GMT",,700,7,user_mentions
1,0.002,0.7,https://mciradio.com.br/jornalista-que-publicou-fake-news-contra-bolsonaro-tem-pai-citado-na-lava-jato/,12257,"Wed, 12 Feb 2020 01:42:49 GMT",,100,1,urls
1,0.002,0.7,@sergiopavanello,3847,"Wed, 12 Feb 2020 00:08:43 GMT",,100,1,user_mentions
1,0.002,0.7,@tkborges8,10616,"Wed, 12 Feb 2020 03:46:32 GMT",,100,1,user_mentions
1,0.002,0.7,@pautocantins,10617,"Wed, 12 Feb 2020 03:46:32 GMT",,100,1,user_mentions
2,0.002,0.3,@mthlimao,5886,"Wed, 12 Feb 2020 03:53:42 GMT",,400,4,user_mentions
2,0.002,0.4,@brenonb,2598,"Wed, 12 Feb 2020 03:49:19 GMT",,300,3,user_mentions
2,0.002,0.4,@ju_li_anaa,5723,"Wed, 12 Feb 2020 03:45:56 GMT",,300,3,user_mentions
2,0.002,0.4,@nanjosreis,10366,"Wed, 12 Feb 2020 03:49:40 GMT",,300,3,user_mentions
2,0.002,0.5,@dbellisroth,6651,"Wed, 12 Feb 2020 03:37:51 GMT",,200,2,user_mentions
2,0.002,0.5,@diegoliversam,13420,"Wed, 12 Feb 2020 03:50:44 GMT",,200,2,user_mentions
3,0.002,0.3,@valrias27074166,5093,"Wed, 12 Feb 2020 03:44:25 GMT",,400,4,user_mentions
2,0.002,0.4,@lubiroz3,1541,"Wed, 12 Feb 2020 03:40:56 GMT",,300,3,user_mentions
2,0.002,0.4,@gilbertogil,9049,"Wed, 12 Feb 2020 03:45:34 GMT",,300,3,user_mentions
2,0.002,0.4,https://twitter.com/tvsenado/status/1227393931924647936?s=19,1545,"Wed, 12 Feb 2020 03:40:56 GMT",,300,3,urls
2,0.002,0.2,@bernardopkuster,6013,"Wed, 12 Feb 2020 03:41:56 GMT",,600,6,user_mentions
2,0.002,0.5,@cleitonzimmer,1010,"Wed, 12 Feb 2020 03:49:33 GMT",,200,2,user_mentions
2,0.002,0.5,https://twitter.com/thebookjr/status/1227435734191177729/photo/1,4276,"Wed, 12 Feb 2020 03:48:11 GMT",http://pbs.twimg.com/media/EQi6R9dWoAEthQ5.jpg,200,2,media
2,0.002,0.5,@rodrigogmontal2,6536,"Wed, 12 Feb 2020 03:45:32 GMT",,200,2,user_mentions
2,0.002,0.4,@vitorfribeir,2954,"Wed, 12 Feb 2020 03:50:08 GMT",,300,3,user_mentions
1,0.002,0.2,@marilimapsi,10220,"Wed, 12 Feb 2020 03:52:29 GMT",,400,4,user_mentions
2,0.001,0.3,@leo_spascoal,125,"Wed, 12 Feb 2020 03:41:07 GMT",,400,4,user_mentions
2,0.001,0.2,@jptiz1,5724,"Wed, 12 Feb 2020 03:53:42 GMT",,400,4,user_mentions
3,0.001,0.2,@edisonlanza,5881,"Wed, 12 Feb 2020 03:46:42 GMT",,400,4,user_mentions
1,0.001,0.6,@gisapatriaamada,5967,"Wed, 12 Feb 2020 03:45:15 GMT",,100,1,user_mentions
1,0.001,0.6,@analima73304416,10992,"Wed, 12 Feb 2020 01:49:06 GMT",,100,1,user_mentions
1,0.001,0.6,https://twitter.com/nesiafadnesia17/status/1227409268359520257/photo/1,14540,"Wed, 12 Feb 2020 01:49:08 GMT",http://pbs.twimg.com/tweet_video_thumb/EQiiN4aWkAApZi4.jpg,100,1,media
1,0.001,0.6,@anamariarezen11,1601,"Wed, 12 Feb 2020 02:45:53 GMT",,100,1,user_mentions
1,0.001,0.6,@deb156411,1600,"Wed, 12 Feb 2020 02:45:53 GMT",,100,1,user_mentions
1,0.001,0.6,@pablobito3,119,"Wed, 12 Feb 2020 03:28:39 GMT",,100,1,user_mentions
2,0.001,0.3,@bahia_will,9764,"Wed, 12 Feb 2020 03:42:23 GMT",,300,3,user_mentions
2,0.001,0.3,@thor266,7820,"Wed, 12 Feb 2020 03:43:30 GMT",http://pbs.twimg.com/media/EQiLZEZX0AE2rvo.png,300,3,user_mentions
2,0.001,0.3,@filipep15,8375,"Wed, 12 Feb 2020 03:44:12 GMT",http://pbs.twimg.com/media/EQi79KXWoAENBNp.jpg,300,3,user_mentions
2,0.001,0.3,https://twitter.com/thor266/status/1227384294953422848/photo/1,7823,"Wed, 12 Feb 2020 03:43:30 GMT",http://pbs.twimg.com/media/EQiLZEZX0AE2rvo.png,300,3,media
1,0.001,0.3,@clebermaximo,14123,"Wed, 12 Feb 2020 03:54:52 GMT",,300,3,user_mentions
2,0.001,0.2,@ailtonbenedito,8089,"Wed, 12 Feb 2020 03:41:56 GMT",,500,5,user_mentions
2,0.001,0.5,@e_costa_e,9303,"Wed, 12 Feb 2020 03:41:42 GMT",,200,2,user_mentions
2,0.001,0.7,@zehdeabreu,7205,"Wed, 12 Feb 2020 03:49:05 GMT",,-25,2,user_mentions
1,0.001,0.1,@italo929305,1861,"Wed, 12 Feb 2020 03:44:04 GMT",,600,6,user_mentions
2,0.001,0.3,@oeriksilva,10544,"Wed, 12 Feb 2020 03:51:23 GMT",,300,3,user_mentions
2,0.001,0.3,@wagnerwitka,17204,"Wed, 12 Feb 2020 03:53:49 GMT",,300,3,user_mentions
2,0.001,0.6,@cpjamericas,773,"Wed, 12 Feb 2020 03:43:06 GMT",http://pbs.twimg.com/tweet_video_thumb/EQi8TbtWkAgFIRz.jpg,50,2,user_mentions
1,0.001,0.6,@cesartorres2014,6989,"Wed, 12 Feb 2020 03:36:46 GMT",,100,1,user_mentions
1,0.001,0.6,@soubelemlz,6476,"Wed, 12 Feb 2020 01:34:37 GMT",,100,1,user_mentions
1,0.001,0.6,@chellogoncalves,1038,"Wed, 12 Feb 2020 03:41:11 GMT",,100,1,user_mentions
1,0.001,0.6,@lelexdutra,12567,"Wed, 12 Feb 2020 03:55:41 GMT",,100,1,user_mentions
1,0.001,0.6,https://twitter.com/suzanaregina17/status/1227397840495878145/photo/1,15737,"Wed, 12 Feb 2020 01:03:43 GMT",http://pbs.twimg.com/tweet_video_thumb/EQiX0jQXkAAjtpr.jpg,100,1,media
1,0.001,0.6,https://twitter.com/suzanaregina17/status/1227397877653286913/photo/1,1922,"Wed, 12 Feb 2020 01:03:52 GMT",http://pbs.twimg.com/media/EQiX3NtW4AUy0Ff.jpg,100,1,media
1,0.001,0.6,@cidinhalosano,319,"Wed, 12 Feb 2020 03:16:21 GMT",,100,1,user_mentions
1,0.001,0.6,@andrerosamarqu2,11263,"Tue, 11 Feb 2020 23:58:08 GMT",,100,1,user_mentions
1,0.001,0.6,@arantes66,5046,"Wed, 12 Feb 2020 00:24:28 GMT",,100,1,user_mentions
1,0.001,0.6,@gabriel75169760,13323,"Wed, 12 Feb 2020 01:43:44 GMT",,100,1,user_mentions
1,0.001,0.6,@leukynn,11832,"Wed, 12 Feb 2020 01:41:50 GMT",,100,1,user_mentions
1,0.001,0.6,@vasconclivia,12041,"Wed, 12 Feb 2020 03:27:48 GMT",,100,1,user_mentions
3,0.001,0.3,@oscarraio6,9921,"Wed, 12 Feb 2020 03:42:56 GMT",,300,3,user_mentions
3,0.001,0.3,@belu_nat,2239,"Wed, 12 Feb 2020 03:48:01 GMT",,300,3,user_mentions
2,0.001,0.2,@marcoskenned,9168,"Wed, 12 Feb 2020 03:41:56 GMT",,400,4,user_mentions
2,0.001,0.2,https://twitter.com/carole_cunha/status/1227410450167599104/photo/1,2133,"Wed, 12 Feb 2020 03:34:00 GMT",http://pbs.twimg.com/media/EQijS1fXsAAbe_s.jpg,300,3,media
2,0.001,0.2,@45edineia,289,"Wed, 12 Feb 2020 03:28:45 GMT",http://pbs.twimg.com/media/EQi3s8-XYAg0XL9.jpg,300,3,user_mentions
2,0.001,0.2,#jornalismo,1906,"Wed, 12 Feb 2020 03:45:09 GMT",,300,3,hashtags
2,0.001,0.2,#democracia,1907,"Wed, 12 Feb 2020 03:45:09 GMT",,300,3,hashtags
2,0.001,0.2,@carole_cunha,2131,"Wed, 12 Feb 2020 03:34:00 GMT",http://pbs.twimg.com/media/EQijS1fXsAAbe_s.jpg,300,3,user_mentions
2,0.001,0.2,@congemfoco,1908,"Wed, 12 Feb 2020 03:45:09 GMT",,300,3,user_mentions
2,0.001,0.4,@ewersonfalcao,5416,"Wed, 12 Feb 2020 03:41:44 GMT",,200,2,user_mentions
2,0.001,0.2,@luisnassif,1838,"Wed, 12 Feb 2020 03:39:53 GMT",,300,3,user_mentions
2,0.001,0.4,@flaviobolsonaro,7366,"Wed, 12 Feb 2020 03:49:23 GMT",,200,2,user_mentions
2,0.001,0.4,@rodrigomaia,310,"Wed, 12 Feb 2020 03:47:37 GMT",,200,2,user_mentions
2,0.001,0.4,@grisagregorio,2765,"Wed, 12 Feb 2020 03:43:59 GMT",,200,2,user_mentions
3,0.001,0.2,@boni_tic,9877,"Wed, 12 Feb 2020 03:42:59 GMT",,300,3,user_mentions
3,0.001,0.2,@donna_dbrisa,9875,"Wed, 12 Feb 2020 03:42:59 GMT",,300,3,user_mentions
1,0.001,0.5,https://twitter.com/andra68146246/status/1227408195066437633/photo/1,2992,"Wed, 12 Feb 2020 01:44:52 GMT",http://pbs.twimg.com/media/EQihP28X0AE4fAl.jpg,100,1,media
1,0.001,0.5,@gavansky,988,"Wed, 12 Feb 2020 01:28:10 GMT",,100,1,user_mentions
1,0.001,0.5,@brattiines,15547,"Wed, 12 Feb 2020 00:58:25 GMT",,100,1,user_mentions
1,0.001,0.5,@chinacornao,15546,"Wed, 12 Feb 2020 00:58:25 GMT",,100,1,user_mentions
1,0.001,0.5,@samanthartzp,15329,"Wed, 12 Feb 2020 02:26:33 GMT",,100,1,user_mentions
1,0.001,0.5,@_andresagat,14000,"Wed, 12 Feb 2020 02:33:05 GMT",,100,1,user_mentions
1,0.001,0.5,@welton2s,13998,"Wed, 12 Feb 2020 02:33:05 GMT",,100,1,user_mentions
1,0.001,0.5,@fazamor,10222,"Wed, 12 Feb 2020 03:41:13 GMT",,100,1,user_mentions
1,0.001,0.5,@meyreland1,7611,"Wed, 12 Feb 2020 03:40:16 GMT",,100,1,user_mentions
1,0.001,0.5,https://twitter.com/chip_cris/status/1227396863138992128/photo/1,6573,"Wed, 12 Feb 2020 00:59:50 GMT",http://pbs.twimg.com/tweet_video_thumb/EQiW78tX0AAnsW9.jpg,100,1,media
1,0.001,0.5,@chip_cris,6570,"Wed, 12 Feb 2020 00:59:50 GMT",http://pbs.twimg.com/tweet_video_thumb/EQiW78tX0AAnsW9.jpg,100,1,user_mentions
1,0.001,0.5,https://twitter.com/andra68146246/status/1227402844124450817/photo/1,1984,"Wed, 12 Feb 2020 01:23:36 GMT",http://pbs.twimg.com/media/EQicYGiXYAAy_QN.jpg,100,1,media
1,0.001,0.5,https://twitter.com/caldasvasques/status/1227420940398710784/photo/1,13775,"Wed, 12 Feb 2020 02:35:31 GMT",http://pbs.twimg.com/media/EQis0uXXYAY9Nq6.jpg,100,1,media
2,0.001,0.2,@elasticovlog,13941,"Wed, 12 Feb 2020 03:49:09 GMT",,300,3,user_mentions
2,0.001,0.4,@normose_,18501,"Wed, 12 Feb 2020 03:56:11 GMT",http://pbs.twimg.com/media/EQiPojCWkAADKpW.jpg,33,3,user_mentions
1,0.001,0.1,@richardkloppe,521,"Wed, 12 Feb 2020 03:56:03 GMT",,400,4,user_mentions
3,0.001,0.3,@richards_pozzer,5779,"Wed, 12 Feb 2020 03:51:36 GMT",http://pbs.twimg.com/media/EQiYVUnXkAYhCPX.jpg,100,3,user_mentions
2,0.001,0.2,@marcelosps65,9905,"Wed, 12 Feb 2020 03:47:43 GMT",,300,3,user_mentions
2,0.001,0.4,@laertic,13665,"Wed, 12 Feb 2020 03:55:45 GMT",,200,2,user_mentions
2,0.001,0.4,@padovanistudio,2491,"Wed, 12 Feb 2020 03:43:31 GMT",,200,2,user_mentions
2,0.001,0.4,https://twitter.com/lidicedamata/status/1227437566762328066/photo/1,9302,"Wed, 12 Feb 2020 03:44:12 GMT",http://pbs.twimg.com/media/EQi79KXWoAENBNp.jpg,200,2,media
2,0.001,0.4,@ilovelucyanna,1864,"Wed, 12 Feb 2020 03:51:42 GMT",http://pbs.twimg.com/media/EQi-RelWsAM8tI0.jpg,200,2,user_mentions
2,0.001,0.1,https://twitter.com/folha_poder/status/1227376023920168968,11186,"Wed, 12 Feb 2020 03:46:33 GMT",,300,3,urls
2,0.001,0.1,@francinegalbier,303,"Wed, 12 Feb 2020 03:36:47 GMT",,300,3,user_mentions
1,0.001,0.4,@canalmynews,2792,"Wed, 12 Feb 2020 03:52:54 GMT",,100,1,user_mentions
1,0.001,0.4,@marcosmaqs,4704,"Wed, 12 Feb 2020 03:36:23 GMT",,100,1,user_mentions
1,0.001,0.4,@flaviaalvespra3,654,"Wed, 12 Feb 2020 02:27:25 GMT",,100,1,user_mentions
1,0.001,0.4,@passuncao,1927,"Wed, 12 Feb 2020 03:34:14 GMT",,100,1,user_mentions
1,0.001,0.4,@andreazzaeditor,100,"Wed, 12 Feb 2020 03:36:33 GMT",,100,1,user_mentions
1,0.001,0.4,https://twitter.com/wendersonhott/status/1227391407247314944?s=21,2219,"Wed, 12 Feb 2020 03:36:33 GMT",,100,1,urls
1,0.001,0.4,@luismarzagao,18483,"Wed, 12 Feb 2020 03:14:04 GMT",,100,1,user_mentions
1,0.001,0.4,@lucassennav8,14382,"Wed, 12 Feb 2020 01:02:59 GMT",,100,1,user_mentions
1,0.001,0.4,https://www.youtube.com/watch?v=007ruph46ps,14217,"Wed, 12 Feb 2020 03:49:15 GMT",,100,1,urls
1,0.001,0.4,@deniseroitman,1100,"Wed, 12 Feb 2020 01:42:44 GMT",,100,1,user_mentions
1,0.001,0.4,@thebookjr,13617,"Wed, 12 Feb 2020 03:34:18 GMT",http://pbs.twimg.com/media/EQi6R9dWoAEthQ5.jpg,100,1,user_mentions
1,0.001,0.4,@daianemoser,10841,"Wed, 12 Feb 2020 03:34:04 GMT",,100,1,user_mentions
1,0.001,0.4,@jonesdelphin,4706,"Wed, 12 Feb 2020 03:36:23 GMT",,100,1,user_mentions
1,0.001,0.4,@chrisplgalvao,5708,"Wed, 12 Feb 2020 02:59:07 GMT",,100,1,user_mentions
1,0.001,0.4,@monadorf,3755,"Wed, 12 Feb 2020 02:59:57 GMT",,100,1,user_mentions
1,0.001,0.4,@felipecabral94,4705,"Wed, 12 Feb 2020 03:36:23 GMT",,100,1,user_mentions
1,0.001,0.4,@malalves,3753,"Wed, 12 Feb 2020 02:59:57 GMT",,100,1,user_mentions
1,0.001,0.4,@azevedofonseca,3399,"Wed, 12 Feb 2020 03:27:04 GMT",,100,1,user_mentions
1,0.001,0.4,@jone_ratis,9568,"Wed, 12 Feb 2020 03:50:37 GMT",,100,1,user_mentions
1,0.001,0.4,@arthurmoledoval,4707,"Wed, 12 Feb 2020 03:36:23 GMT",,100,1,user_mentions
1,0.001,0.3,https://twitter.com/andersonrosavaz/status/1227440883869589506?s=19,18119,"Wed, 12 Feb 2020 03:55:58 GMT",,200,2,urls
2,0.001,0.1,https://twitter.com/WendersonHott/status/1227391407247314944,1244,"Wed, 12 Feb 2020 03:36:05 GMT",,300,3,urls
2,0.001,0.3,@raphaelchaia,3173,"Wed, 12 Feb 2020 03:54:37 GMT",,200,2,user_mentions
3,0.000,0.4,@lolaescreva,2272,"Wed, 12 Feb 2020 03:42:51 GMT",,-19,3,user_mentions
1,0.000,0.4,@jornalistacmprj,10511,"Wed, 12 Feb 2020 00:59:11 GMT",,100,1,user_mentions
1,0.000,0.4,@martabrenner,15592,"Wed, 12 Feb 2020 03:45:19 GMT",,100,1,user_mentions
1,0.000,0.4,@andre_ibov220k,10591,"Wed, 12 Feb 2020 03:05:39 GMT",,100,1,user_mentions
1,0.000,0.4,@sergioadriani3,13343,"Wed, 12 Feb 2020 03:02:07 GMT",,100,1,user_mentions
1,0.000,0.4,@golfinhoalado,18702,"Wed, 12 Feb 2020 00:27:56 GMT",http://pbs.twimg.com/media/EQiPojCWkAADKpW.jpg,100,1,user_mentions
1,0.000,0.4,@chutandoaescada,6298,"Wed, 12 Feb 2020 02:03:07 GMT",,100,1,user_mentions
1,0.000,0.4,@sergiol94494573,16580,"Wed, 12 Feb 2020 00:20:52 GMT",http://pbs.twimg.com/media/EQiOBS6WsAACpj0.jpg,100,1,user_mentions
1,0.000,0.4,@idalinoerachel,15647,"Wed, 12 Feb 2020 01:43:15 GMT",,100,1,user_mentions
1,0.000,0.4,@benemneto,1279,"Wed, 12 Feb 2020 03:40:49 GMT",,100,1,user_mentions
1,0.000,0.4,#eleno,11257,"Wed, 12 Feb 2020 03:17:13 GMT",,100,1,hashtags
1,0.000,0.4,@pericles2121,11258,"Wed, 12 Feb 2020 03:17:13 GMT",,100,1,user_mentions
1,0.000,0.4,@adrianotomasoni,7263,"Wed, 12 Feb 2020 01:44:00 GMT",,100,1,user_mentions
1,0.000,0.4,https://twitter.com/golfinhoalado/status/1227388835589390336/photo/1,18708,"Wed, 12 Feb 2020 00:27:56 GMT",http://pbs.twimg.com/media/EQiPojCWkAADKpW.jpg,100,1,media
1,0.000,0.4,@destro_patriota,12546,"Wed, 12 Feb 2020 00:01:30 GMT",http://pbs.twimg.com/media/EQiJliaXUAEJVLN.jpg,100,1,user_mentions
1,0.000,0.4,https://twitter.com/destro_patriota/status/1227382180399190018/photo/1,12552,"Wed, 12 Feb 2020 00:01:30 GMT",http://pbs.twimg.com/media/EQiJliaXUAEJVLN.jpg,100,1,media
1,0.000,0.4,@danpontes999,4843,"Wed, 12 Feb 2020 02:40:49 GMT",,100,1,user_mentions
1,0.000,0.4,https://twitter.com/sergiol94494573/status/1227387053815533568/photo/1,16582,"Wed, 12 Feb 2020 00:20:52 GMT",http://pbs.twimg.com/media/EQiOBS6WsAACpj0.jpg,100,1,media
1,0.000,0.4,@jrmorais83,13811,"Wed, 12 Feb 2020 03:01:52 GMT",,100,1,user_mentions
1,0.000,0.4,@abrahamweint,6396,"Wed, 12 Feb 2020 02:21:58 GMT",,100,1,user_mentions
1,0.000,0.2,@renatasincerona,6715,"Wed, 12 Feb 2020 03:41:10 GMT",http://pbs.twimg.com/media/EQi73H6W4AANOoK.jpg,200,2,user_mentions
2,0.000,0.4,@null_42,18598,"Wed, 12 Feb 2020 03:56:11 GMT",http://pbs.twimg.com/media/EQiPojCWkAADKpW.jpg,50,2,user_mentions
2,0.000,0.2,#hansomito,566,"Wed, 12 Feb 2020 03:53:59 GMT",,200,2,hashtags
2,0.000,0.4,@adampibr,885,"Wed, 12 Feb 2020 03:55:00 GMT",,50,2,user_mentions
2,0.000,0.4,@figaroandre,1299,"Wed, 12 Feb 2020 03:38:19 GMT",,-25,2,user_mentions
1,0.000,0.4,#folhaputinhadopt,18230,"Wed, 12 Feb 2020 03:55:49 GMT",,100,1,hashtags
1,0.000,0.4,@maggye_c,17543,"Wed, 12 Feb 2020 03:08:14 GMT",,100,1,user_mentions
1,0.000,0.4,@lito_br,16723,"Wed, 12 Feb 2020 02:14:53 GMT",,100,1,user_mentions
1,0.000,0.4,@lucasmonda,3789,"Wed, 12 Feb 2020 03:01:40 GMT",,100,1,user_mentions
1,0.000,0.4,@fabiocrivelari,8782,"Wed, 12 Feb 2020 03:32:20 GMT",,100,1,user_mentions
1,0.000,0.4,@boletimcoppolla,1753,"Wed, 12 Feb 2020 03:31:13 GMT",,100,1,user_mentions
1,0.000,0.4,@ppreacafla2,18231,"Wed, 12 Feb 2020 03:55:49 GMT",,100,1,user_mentions
1,0.000,0.1,@robertoamorims,5199,"Wed, 12 Feb 2020 03:41:56 GMT",,200,2,user_mentions
1,0.000,0.3,@jorgegoche1,4797,"Wed, 12 Feb 2020 03:08:51 GMT",,100,1,user_mentions
1,0.000,0.3,@giovanagirardi,14059,"Wed, 12 Feb 2020 02:15:50 GMT",,100,1,user_mentions
1,0.000,0.3,@luciano_camillo,9133,"Wed, 12 Feb 2020 03:23:38 GMT",,100,1,user_mentions
1,0.000,0.3,https://outline.com/VKWM6S,10261,"Wed, 12 Feb 2020 00:04:23 GMT",,100,1,urls
1,0.000,0.3,@dadonde,3880,"Wed, 12 Feb 2020 02:25:03 GMT",,100,1,user_mentions
1,0.000,0.3,@claudiaadionato,15114,"Wed, 12 Feb 2020 03:36:56 GMT",,100,1,user_mentions
1,0.000,0.3,@s08dougla,13299,"Wed, 12 Feb 2020 02:46:25 GMT",,100,1,user_mentions
1,0.000,0.3,@ailtong67,15911,"Wed, 12 Feb 2020 01:46:44 GMT",,100,1,user_mentions
1,0.000,0.3,@renata_passari,15915,"Wed, 12 Feb 2020 02:07:13 GMT",,100,1,user_mentions
1,0.000,0.3,https://twitter.com/richards_pozzer/status/1227398395544797184/photo/1,15973,"Wed, 12 Feb 2020 01:05:56 GMT",http://pbs.twimg.com/media/EQiYVUnXkAYhCPX.jpg,100,1,media
1,0.000,0.3,@odeiotodocorrup,12790,"Wed, 12 Feb 2020 03:49:25 GMT",,100,1,user_mentions
1,0.000,0.3,@demori,18227,"Wed, 12 Feb 2020 03:55:58 GMT",,100,1,user_mentions
2,0.000,0.1,@crissrc,13268,"Wed, 12 Feb 2020 03:55:33 GMT",,200,2,user_mentions
2,0.000,0.1,@paulinocosta,635,"Wed, 12 Feb 2020 03:33:35 GMT",,200,2,user_mentions
3,0.000,0.2,@sledgehammergpx,4032,"Wed, 12 Feb 2020 03:55:36 GMT",,33,3,user_mentions
1,0.000,0.2,@chicobent0,7020,"Wed, 12 Feb 2020 00:30:37 GMT",,100,1,user_mentions
1,0.000,0.2,@lucas_saboia,13611,"Wed, 12 Feb 2020 02:42:09 GMT",,100,1,user_mentions
1,0.000,0.2,@brsamba,18356,"Wed, 12 Feb 2020 02:04:58 GMT",,100,1,user_mentions
1,0.000,0.2,https://twitter.com/nanjosreis/status/1227386524871921664/photo/1,10370,"Wed, 12 Feb 2020 00:18:45 GMT",http://pbs.twimg.com/media/EQiNiYMWAAEJ56L.png,100,1,media
1,0.000,0.2,#xerecard,6223,"Wed, 12 Feb 2020 02:52:16 GMT",,100,1,hashtags
1,0.000,0.2,@josytellesv,7022,"Wed, 12 Feb 2020 00:30:37 GMT",,100,1,user_mentions
1,0.000,0.2,@frinhany,12809,"Wed, 12 Feb 2020 01:17:24 GMT",http://pbs.twimg.com/media/EQia9UCWsAEH_t8.jpg,100,1,user_mentions
1,0.000,0.2,@itamarsz,18080,"Wed, 12 Feb 2020 00:03:36 GMT",http://pbs.twimg.com/tweet_video_thumb/EQiKDcSWsAImzos.jpg,100,1,user_mentions
1,0.000,0.2,@dumbclown,5417,"Wed, 12 Feb 2020 03:20:45 GMT",,100,1,user_mentions
1,0.000,0.2,@sonic_vapor,9160,"Wed, 12 Feb 2020 03:53:55 GMT",,100,1,user_mentions
1,0.000,0.2,@clebersonesc,1749,"Wed, 12 Feb 2020 03:33:20 GMT",,100,1,user_mentions
1,0.000,0.2,@adriano60576026,5415,"Wed, 12 Feb 2020 03:20:45 GMT",,100,1,user_mentions
1,0.000,0.2,https://twitter.com/itamarsz/status/1227382708659195904/photo/1,18082,"Wed, 12 Feb 2020 00:03:36 GMT",http://pbs.twimg.com/tweet_video_thumb/EQiKDcSWsAImzos.jpg,100,1,media
1,0.000,0.2,@alexstcks,15639,"Wed, 12 Feb 2020 03:51:58 GMT",,100,1,user_mentions
1,0.000,0.2,#fakenews,2174,"Wed, 12 Feb 2020 03:43:05 GMT",,100,1,hashtags
1,0.000,0.2,https://twitter.com/frinhany/status/1227401282450808834/photo/1,12811,"Wed, 12 Feb 2020 01:17:24 GMT",http://pbs.twimg.com/media/EQia9UCWsAEH_t8.jpg,100,1,media
2,0.000,0.1,@fregraf,14909,"Wed, 12 Feb 2020 03:53:42 GMT",,200,2,user_mentions
2,0.000,0.0,#juntoscomweitraub,10126,"Wed, 12 Feb 2020 03:44:57 GMT",,200,2,hashtags
1,0.000,0.2,@binerighetti,3275,"Wed, 12 Feb 2020 03:30:43 GMT",,100,1,user_mentions
1,0.000,0.2,@neto_sp,6531,"Wed, 12 Feb 2020 03:51:22 GMT",,100,1,user_mentions
1,0.000,0.2,@edgarpontes7,6530,"Wed, 12 Feb 2020 03:51:22 GMT",,100,1,user_mentions
1,0.000,0.2,https://twitter.com/filipebarrost/status/1227302557841809408/photo/1,11481,"Wed, 12 Feb 2020 03:49:50 GMT",http://pbs.twimg.com/media/EQhBJTaWoAAQk18.jpg,100,1,media
1,0.000,0.2,@programaamigos,2751,"Wed, 12 Feb 2020 01:33:29 GMT",,100,1,user_mentions
1,0.000,0.2,@b_zangari,6533,"Wed, 12 Feb 2020 03:51:22 GMT",,100,1,user_mentions
1,0.000,0.2,@grajasbar,12720,"Wed, 12 Feb 2020 02:02:31 GMT",,100,1,user_mentions
1,0.000,0.2,https://twitter.com/GFiuza_Oficial/status/1227436194528743425?s=20,9826,"Wed, 12 Feb 2020 03:50:58 GMT",,100,1,urls
1,0.000,0.2,@blogdomello,18567,"Wed, 12 Feb 2020 03:41:32 GMT",,100,1,user_mentions
1,0.000,0.2,https://twitter.com/terlusia/status/1227402949510516736/photo/1,2539,"Wed, 12 Feb 2020 01:24:01 GMT",http://pbs.twimg.com/media/EQiceUwWAAY7stZ.jpg,100,1,media
1,0.000,0.2,@terlusia,2537,"Wed, 12 Feb 2020 01:24:01 GMT",http://pbs.twimg.com/media/EQiceUwWAAY7stZ.jpg,100,1,user_mentions
1,0.000,0.2,@rafaeldiverio,3886,"Wed, 12 Feb 2020 00:22:01 GMT",,100,1,user_mentions
1,0.000,0.2,@euacreditobr,6528,"Wed, 12 Feb 2020 03:51:22 GMT",,100,1,user_mentions
1,0.000,0.2,@rfmachado1,8889,"Wed, 12 Feb 2020 03:41:10 GMT",http://pbs.twimg.com/media/EQi73H6W4AANOoK.jpg,100,1,user_mentions
1,0.000,0.2,@rudinei_1983,6529,"Wed, 12 Feb 2020 03:51:22 GMT",,100,1,user_mentions
1,0.000,0.2,@otaviolacerda84,6532,"Wed, 12 Feb 2020 03:51:22 GMT",,100,1,user_mentions
1,0.000,0.1,@darthmau1,16105,"Wed, 12 Feb 2020 03:15:30 GMT",,100,1,user_mentions
1,0.000,0.1,@arturmagno,17531,"Wed, 12 Feb 2020 02:33:40 GMT",http://pbs.twimg.com/media/EQisadEX0AADB74.jpg,100,1,user_mentions
1,0.000,0.1,@fabiana18971713,11141,"Wed, 12 Feb 2020 03:44:48 GMT",,100,1,user_mentions
1,0.000,0.1,@ericknegrao,13267,"Wed, 12 Feb 2020 03:55:33 GMT",,100,1,user_mentions
1,0.000,0.1,https://m.youtube.com/watch?v=qrl27HNZL3A,1249,"Wed, 12 Feb 2020 03:32:58 GMT",,100,1,urls
1,0.000,0.1,@guimaraes13pt,13199,"Wed, 12 Feb 2020 00:40:43 GMT",,100,1,user_mentions
1,0.000,0.1,@renzomora,17295,"Wed, 12 Feb 2020 01:15:00 GMT",,100,1,user_mentions
1,0.000,0.1,@gabrielcbrasil,12940,"Wed, 12 Feb 2020 00:40:53 GMT",,100,1,user_mentions
1,0.000,0.1,https://twitter.com/arturmagno/status/1227420474981994497/photo/1,17536,"Wed, 12 Feb 2020 02:33:40 GMT",http://pbs.twimg.com/media/EQisadEX0AADB74.jpg,100,1,media
1,0.000,0.1,@rodovalhojoao,3573,"Wed, 12 Feb 2020 01:34:15 GMT",,100,1,user_mentions
1,0.000,0.1,@anaaretes,14354,"Wed, 12 Feb 2020 03:49:29 GMT",,100,1,user_mentions
1,0.000,0.1,@igornatusch,4954,"Wed, 12 Feb 2020 00:47:39 GMT",,100,1,user_mentions
1,0.000,0.1,https://twitter.com/rodrigosixto/status/1227404365738188801/photo/1,10379,"Wed, 12 Feb 2020 01:29:39 GMT",http://pbs.twimg.com/media/EQidvgKWAAEwFN4.jpg,100,1,media
1,0.000,0.1,@condefabi,16234,"Wed, 12 Feb 2020 01:20:09 GMT",,100,1,user_mentions
1,0.000,0.1,@hansriver,10587,"Wed, 12 Feb 2020 03:46:43 GMT",,100,1,user_mentions
1,0.000,0.1,@torturra,8972,"Wed, 12 Feb 2020 00:23:17 GMT",,100,1,user_mentions
1,0.000,0.1,@cariocazz,5189,"Wed, 12 Feb 2020 02:34:28 GMT",,100,1,user_mentions
1,0.000,0.1,@rodrigosixto,10376,"Wed, 12 Feb 2020 01:29:39 GMT",http://pbs.twimg.com/media/EQidvgKWAAEwFN4.jpg,100,1,user_mentions
1,0.000,0.1,@paulogcalmeida,15780,"Wed, 12 Feb 2020 02:27:05 GMT",,100,1,user_mentions
1,0.000,0.1,@jonhaegon,10114,"Wed, 12 Feb 2020 03:36:11 GMT",,100,1,user_mentions
1,0.000,0.1,@leokasura,4219,"Wed, 12 Feb 2020 00:45:57 GMT",http://pbs.twimg.com/media/EQiTwb4WkAEiBQp.jpg,100,1,user_mentions
1,0.000,0.1,@senareis,6179,"Wed, 12 Feb 2020 02:04:32 GMT",,100,1,user_mentions
1,0.000,0.1,https://twitter.com/leokasura/status/1227393367165849601/photo/1,4221,"Wed, 12 Feb 2020 00:45:57 GMT",http://pbs.twimg.com/media/EQiTwb4WkAEiBQp.jpg,100,1,media
1,0.000,0.1,https://veja.abril.com.br/politica/odebrecht-deu-r-1-mi-a-revista-brasileiros-a-pedido-de-mantega/,12968,"Wed, 12 Feb 2020 03:48:42 GMT",,100,1,urls
1,0.000,0.1,@milroch,15514,"Wed, 12 Feb 2020 03:01:08 GMT",http://pbs.twimg.com/media/EQiysxXWAAAfmXZ.jpg,100,1,user_mentions
1,0.000,0.1,@banidoluca,3497,"Wed, 12 Feb 2020 03:38:19 GMT",,100,1,user_mentions
1,0.000,0.1,@welbertcampos,13453,"Wed, 12 Feb 2020 01:47:58 GMT",,100,1,user_mentions
1,0.000,0.1,@jornalistamarta,4301,"Wed, 12 Feb 2020 03:35:47 GMT",,100,1,user_mentions
1,0.000,0.1,@mliporone,4299,"Wed, 12 Feb 2020 03:35:47 GMT",,100,1,user_mentions
1,0.000,0.1,@marcelobado,148,"Wed, 12 Feb 2020 02:55:23 GMT",,100,1,user_mentions
1,0.000,0.1,https://twitter.com/45edineia/status/1227432922476617728/photo/1,293,"Wed, 12 Feb 2020 03:23:07 GMT",http://pbs.twimg.com/media/EQi3vOOWsAAeH_2.jpg,100,1,media
1,0.000,0.1,https://twitter.com/45edineia/status/1227432885860421632/photo/1,360,"Wed, 12 Feb 2020 03:22:59 GMT",http://pbs.twimg.com/media/EQi3s8-XYAg0XL9.jpg,100,1,media
1,0.000,0.1,@meajunior38,5825,"Wed, 12 Feb 2020 03:50:26 GMT",,100,1,user_mentions
1,0.000,0.1,@eduardocollare5,18151,"Wed, 12 Feb 2020 03:26:35 GMT",,100,1,user_mentions
1,0.000,0.1,@gen_heleno,3919,"Wed, 12 Feb 2020 03:43:10 GMT",,100,1,user_mentions
1,0.000,0.1,@albuquerque_af,15008,"Wed, 12 Feb 2020 01:00:01 GMT",,100,1,user_mentions
1,0.000,0.1,@gui_piment,3498,"Wed, 12 Feb 2020 03:38:19 GMT",,100,1,user_mentions
1,0.000,0.1,@hendless_,3495,"Wed, 12 Feb 2020 03:38:19 GMT",,100,1,user_mentions
1,0.000,0.1,@cinnmara,16395,"Wed, 12 Feb 2020 03:54:56 GMT",,100,1,user_mentions
1,0.000,0.1,@revistaforum,9926,"Wed, 12 Feb 2020 02:52:55 GMT",,100,1,user_mentions
1,0.000,0.1,@ocolunista_,9925,"Wed, 12 Feb 2020 02:52:55 GMT",,100,1,user_mentions
1,0.000,0.1,@pyongbolsonaro,9876,"Wed, 12 Feb 2020 03:42:52 GMT",http://pbs.twimg.com/media/EQi8QW0WsAAO6EJ.jpg,100,1,user_mentions
1,0.000,0.1,https://twitter.com/milroch/status/1227427387123621890/photo/1,15518,"Wed, 12 Feb 2020 03:01:08 GMT",http://pbs.twimg.com/media/EQiysxXWAAAfmXZ.jpg,100,1,media
1,0.000,0.1,@pessoantipatica,8653,"Wed, 12 Feb 2020 03:19:05 GMT",,100,1,user_mentions
2,0.000,0.1,https://twitter.com/jairmearrependi/status/1227215250614837249?s=19,928,"Wed, 12 Feb 2020 03:47:09 GMT",,50,2,urls
1,0.000,0.1,@lucasberti,4673,"Wed, 12 Feb 2020 03:53:06 GMT",http://pbs.twimg.com/media/EQi-mXgWkAEKytD.jpg,50,2,user_mentions
1,0.000,0.0,@mfmcosta,9607,"Wed, 12 Feb 2020 03:51:40 GMT",,100,1,user_mentions
1,0.000,0.0,@tonnymotta3,2373,"Wed, 12 Feb 2020 03:35:14 GMT",,100,1,user_mentions
1,0.000,0.0,@passeram,9661,"Wed, 12 Feb 2020 03:50:48 GMT",,100,1,user_mentions
1,0.000,0.0,@jmmadeira,14430,"Wed, 12 Feb 2020 03:38:30 GMT",,100,1,user_mentions
1,0.000,0.0,@paidefamia,14677,"Wed, 12 Feb 2020 03:50:54 GMT",,100,1,user_mentions
1,0.000,0.0,@bramatti,4635,"Wed, 12 Feb 2020 01:28:24 GMT",,100,1,user_mentions
1,0.000,0.0,@marcobianchibr,5114,"Wed, 12 Feb 2020 03:35:22 GMT",,100,1,user_mentions
1,0.000,0.0,@lilipizani,7031,"Wed, 12 Feb 2020 02:08:39 GMT",,100,1,user_mentions
1,0.000,0.0,@santos31264475,7032,"Wed, 12 Feb 2020 02:08:39 GMT",,100,1,user_mentions
1,0.000,0.0,https://twitter.com/condecamileto/status/1227398326158581760/photo/1,18133,"Wed, 12 Feb 2020 01:05:39 GMT",http://pbs.twimg.com/media/EQiYRaZXsAImIE_.jpg,100,1,media
1,0.000,0.0,@crisppsilva,12896,"Wed, 12 Feb 2020 02:32:26 GMT",,100,1,user_mentions
1,0.000,0.0,@condecamileto,18131,"Wed, 12 Feb 2020 01:05:39 GMT",http://pbs.twimg.com/media/EQiYRaZXsAImIE_.jpg,100,1,user_mentions
1,0.000,0.0,https://twitter.com/folha/status/1227348846411419648,7659,"Wed, 12 Feb 2020 01:18:18 GMT",,100,1,urls
1,0.000,0.0,@stanlley77,10127,"Wed, 12 Feb 2020 00:23:08 GMT",,100,1,user_mentions
1,0.000,0.2,@japadobonor0,4570,"Wed, 12 Feb 2020 03:34:43 GMT",http://pbs.twimg.com/media/EQhWR82XYAEZDIE.jpg,0,1,user_mentions
1,0.000,0.1,@pablovillaca,5385,"Wed, 12 Feb 2020 03:37:09 GMT",,-33,1,user_mentions
1,0.000,0.1,@cavalcanteedmir,8902,"Wed, 12 Feb 2020 03:51:40 GMT",,0,1,user_mentions
1,0.000,0.1,https://twitter.com/portimeu_br/status/1227348946433060864/video/1,1253,"Wed, 12 Feb 2020 03:46:40 GMT",http://pbs.twimg.com/ext_tw_video_thumb/1227348840765849603/pu/img/PgPV6j9YjksuKGo9.jpg,-33,1,media